zone_id,day,tank_level_pct,tank_level_trend_7d,avg_daily_consumption_l,consumption_trend_7d,rainfall_forecast_mm_7d,days_of_supply_left,stress_score,severity
zone_0,0,73.24,0.0,1430.8,0.0,0.0,99.0,13.05,low
zone_0,1,67.61,0.0,1696.6,0.0,13.89,99.0,18.1,low
zone_0,2,62.87,0.0,1474.7,0.0,10.7,99.0,16.42,low
zone_0,3,58.78,0.0,1577.5,0.0,18.48,99.0,17.18,low
zone_0,4,53.3,0.0,1652.2,0.0,13.0,99.0,24.71,low
zone_0,5,48.94,0.0,1741.5,0.0,15.68,99.0,24.14,low
zone_0,6,44.52,0.0,1666.6,0.0,17.8,99.0,18.72,low
zone_0,7,40.62,-4.659999999999999,1625.8,13.628739166899637,19.97,8.716738197424894,32.92,low
zone_0,8,37.5,-4.301428571428572,1556.3,-8.269480136744074,2.51,8.718033875788773,36.83,low
zone_0,9,33.2,-4.2385714285714275,1720.9,16.69492100088154,8.44,7.832827772160433,40.12,medium
zone_0,10,24.38,-4.9142857142857155,2579.0,63.486529318542,22.28,4.961046511627906,50.36,medium
zone_0,11,19.79,-4.7871428571428565,1479.7,-10.440624621716498,8.77,4.1339898537749935,49.52,medium
zone_0,12,14.73,-4.887142857142856,1677.1,-3.6979615274188973,20.36,3.014030985092079,53.79,medium
zone_0,13,11.16,-4.765714285714286,1444.4,-13.332533301332042,17.29,2.3417266187050356,54.51,medium
zone_0,14,4.84,-5.111428571428571,1682.2,3.469061385164233,25.17,0.9468977082168809,57.9,medium
zone_0,15,0.57,-5.275714285714286,1428.2,-8.231060849450614,11.27,0.10804224207961005,59.42,medium
zone_0,16,0.0,-4.742857142857143,1551.7,-9.832064617351389,34.47,0.0,55.84,medium
zone_0,17,0.0,-3.4828571428571427,1704.6,-33.90461419154712,22.58,0.0,58.99,medium
zone_0,18,0.0,-2.827142857142857,1606.4,8.562546462120704,14.91,0.0,58.07,medium
zone_0,19,0.0,-2.1042857142857145,1466.4,-12.563353407667988,25.72,0.0,52.28,medium
zone_0,20,0.0,-1.5942857142857143,1784.2,23.525339241207416,31.61,0.0,55.48,medium
zone_0,21,0.0,-0.6914285714285714,2986.3,77.52348115562954,18.82,0.0,42.44,medium
zone_0,22,0.0,-0.08142857142857142,1969.5,37.90085422209774,46.83,0.0,46.32,medium
zone_0,23,0.0,0.0,1544.1,-0.48978539666173465,25.33,99.0,44.34,medium
zone_0,24,0.0,0.0,1464.9,-14.061950017599425,31.48,99.0,49.61,medium
zone_0,25,0.0,0.0,1613.8,0.46065737051791983,47.75,99.0,51.31,medium
zone_0,26,0.0,0.0,1869.2,27.46863066012002,28.59,99.0,41.02,medium
zone_0,27,0.0,0.0,1577.2,-11.60183835892837,38.19,99.0,50.64,medium
zone_0,28,0.0,0.0,1433.9,-51.98406054314704,25.95,99.0,40.8,medium
zone_0,29,0.0,0.0,1764.1,-10.429042904290434,38.61,99.0,40.44,medium
zone_0,30,0.0,0.0,1620.6,4.954342335340976,49.1,99.0,44.36,medium
zone_0,31,0.0,0.0,1548.2,5.686394975766261,35.79,99.0,44.07,medium
zone_0,32,0.0,0.0,1546.8,-4.151691659437353,42.69,99.0,38.77,low
zone_0,33,0.0,0.0,1679.5,-10.148726728011987,38.51,99.0,47.6,medium
zone_0,34,0.0,0.0,1554.5,-1.439259447121484,30.91,99.0,47.72,medium
zone_0,35,0.0,0.0,1725.3,20.322198200711338,35.38,99.0,50.44,medium
zone_0,36,0.0,0.0,1628.2,-7.703644918088537,36.18,99.0,43.27,medium
zone_0,37,0.0,0.0,1837.0,13.35307910650377,58.0,99.0,45.64,medium
zone_0,38,0.0,0.0,1751.3,13.118460147267788,40.19,99.0,45.67,medium
zone_0,39,0.0,0.0,1529.5,-1.1184380656839898,28.88,99.0,51.89,medium
zone_0,40,0.0,0.0,1869.3,11.300982435248583,25.27,99.0,34.91,low
zone_0,41,0.0,0.0,1550.1,-0.283049211965268,27.18,99.0,41.51,medium
zone_0,42,0.0,0.0,1652.7,-4.207963832376973,42.24,99.0,45.02,medium
zone_0,43,0.0,0.0,1626.9,-0.07984277115833156,33.28,99.0,40.66,medium
zone_0,44,0.0,0.0,1604.0,-12.683723462166578,37.54,99.0,43.97,medium
zone_0,45,0.0,0.0,1798.2,2.6780106206817846,50.72,99.0,44.66,medium
zone_0,46,0.0,0.0,1749.4,14.377247466492324,24.24,99.0,43.92,medium
zone_0,47,0.0,0.0,1455.3,-22.147327876745308,35.89,99.0,45.26,medium
zone_0,48,0.0,0.0,1565.0,0.9612283078511122,30.48,99.0,47.57,medium
zone_0,49,0.0,0.0,1635.0,-1.0709747685605402,31.71,99.0,44.05,medium
zone_0,50,0.0,0.0,1707.6,4.960354047575131,16.97,99.0,45.05,medium
zone_0,51,0.0,0.0,1671.6,4.214463840398997,38.55,99.0,44.59,medium
zone_0,52,0.0,0.0,1703.0,-5.294183071960852,30.52,99.0,44.97,medium
zone_0,53,0.0,0.0,1697.2,-2.9838801874928573,16.41,99.0,39.67,low
zone_0,54,0.0,0.0,1690.6,16.168487597059023,39.2,99.0,47.82,medium
zone_0,55,0.0,0.0,1678.7,7.265175718849844,35.5,99.0,43.63,medium
zone_0,56,0.0,0.0,1637.1,0.12844036697247152,16.79,99.0,51.64,medium
zone_0,57,0.0,0.0,1650.1,-3.367299133286484,21.49,99.0,48.39,medium
zone_0,58,0.0,0.0,1785.8,6.831777937305579,7.0,99.0,52.85,medium
zone_0,59,0.0,0.0,1627.0,-4.462712859659425,26.95,99.0,41.32,medium
zone_0,60,0.0,0.0,1646.2,-3.004949328305444,15.93,99.0,45.2,medium
zone_0,61,0.0,0.0,1492.1,-11.74139358807524,9.97,99.0,42.43,medium
zone_0,62,0.0,0.0,1704.8,1.5547745279084952,21.56,99.0,43.29,medium
zone_0,63,0.0,0.0,2349.9,43.54040681693239,26.36,99.0,53.06,medium
zone_0,64,0.0,0.0,1653.4,0.19998787952246422,6.01,99.0,53.84,medium
zone_0,65,0.0,0.0,1536.9,-13.937730988912525,11.68,99.0,42.61,medium
zone_0,66,0.0,0.0,1694.3,4.136447449293175,11.28,99.0,45.66,medium
zone_0,67,0.0,0.0,1702.0,3.3896245899647646,10.72,99.0,47.21,medium
zone_0,68,0.0,0.0,1342.5,-10.026137658333885,14.8,99.0,49.17,medium
zone_0,69,0.0,0.0,1560.8,-8.446738620366027,13.25,99.0,39.97,low
zone_0,70,0.0,0.0,1609.0,-31.529001234095073,17.22,99.0,40.12,medium
zone_0,71,0.0,0.0,1699.9,2.812386597314624,2.74,99.0,50.4,medium
zone_0,72,0.0,0.0,1580.4,2.830372828420847,8.69,99.0,39.93,low
zone_0,73,0.0,0.0,1513.6,-10.665171457238982,0.0,99.0,46.81,medium
zone_0,74,0.0,0.0,1553.4,-8.730904817861335,14.24,99.0,47.54,medium
zone_0,75,0.0,0.0,1580.4,17.72067039106146,6.25,99.0,50.58,medium
zone_0,76,0.0,0.0,1734.7,11.141722193746803,4.06,99.0,48.21,medium
zone_0,77,0.0,0.0,1394.1,-13.356121814791802,0.0,99.0,47.14,medium
zone_0,78,0.0,0.0,1738.5,2.270721807165122,17.71,99.0,49.99,medium
zone_0,79,0.0,0.0,1676.3,6.068084029359647,3.55,99.0,49.68,medium
zone_0,80,0.0,0.0,1625.7,7.406183932346733,22.78,99.0,43.72,medium
zone_0,81,0.0,0.0,1497.6,-3.592120509849374,0.66,99.0,48.67,medium
zone_0,82,0.0,0.0,1735.9,9.83928119463427,7.46,99.0,49.83,medium
zone_0,83,0.0,0.0,2335.9,34.65728944486079,9.82,99.0,56.37,medium
zone_0,84,0.0,0.0,1405.2,0.7962126102862159,0.0,99.0,51.79,medium
zone_0,85,0.0,0.0,1656.6,-4.710957722174293,0.0,99.0,53.46,medium
zone_0,86,0.0,0.0,1641.2,-2.0938972737576753,9.77,99.0,44.99,medium
zone_0,87,0.0,0.0,1483.8,-8.728547702528147,0.0,99.0,46.5,medium
zone_0,88,0.0,0.0,1614.0,7.772435897435905,16.23,99.0,46.18,medium
zone_0,89,0.0,0.0,1655.0,-4.660406705455388,1.68,99.0,47.82,medium
zone_1,0,83.37,0.0,700.1,0.0,39.97,99.0,3.45,low
zone_1,1,83.37,0.0,747.9,0.0,43.65,99.0,12.55,low
zone_1,2,80.62,0.0,692.8,0.0,37.21,99.0,12.25,low
zone_1,3,78.92,0.0,729.3,0.0,37.18,99.0,8.26,low
zone_1,4,76.85,0.0,673.2,0.0,36.21,99.0,12.98,low
zone_1,5,76.63,0.0,659.2,0.0,39.24,99.0,11.41,low
zone_1,6,73.73,0.0,730.9,0.0,34.7,99.0,14.7,low
zone_1,7,72.93,-1.491428571428571,823.8,17.66890444222253,41.93,48.89942528735633,11.59,low
zone_1,8,68.97,-2.057142857142858,724.4,-3.1421313009760663,25.85,33.52708333333332,19.02,low
zone_1,9,65.17,-2.2071428571428577,686.2,-0.9526558891454835,24.72,29.526860841423943,21.59,low
zone_1,10,63.96,-2.1371428571428575,677.5,-7.102701220348273,38.36,29.927807486631018,24.06,low
zone_1,11,61.58,-2.181428571428571,735.8,9.298871063576932,39.54,28.229207596594634,20.79,low
zone_1,12,59.56,-2.4385714285714277,735.6,11.589805825242715,21.18,24.4241359109549,16.05,low
zone_1,13,56.09,-2.52,792.7,8.455329046381184,26.73,22.25793650793651,22.63,low
zone_1,14,51.66,-3.03857142857143,680.0,-17.455693129400334,34.42,17.00141043723553,29.11,low
zone_1,15,48.75,-2.8885714285714283,855.1,18.042517945886257,42.5,16.87685459940653,31.62,low
zone_1,16,47.49,-2.525714285714286,647.0,-5.712620227338975,27.01,18.80260180995475,37.04,low
zone_1,17,43.53,-2.9185714285714286,720.1,6.287822878228785,43.82,14.914831130690164,35.42,low
zone_1,18,40.05,-3.075714285714286,688.1,-6.482739874966015,27.55,13.021365536460749,35.29,low
zone_1,19,37.42,-3.162857142857143,728.4,-0.9787928221859767,29.74,11.831074977416444,35.97,low
zone_1,20,33.3,-3.2557142857142867,709.3,-10.52100416298727,10.29,10.228170250109693,44.94,medium
zone_1,21,30.96,-2.9571428571428564,737.7,8.485294117647065,9.67,10.469565217391304,39.05,low
zone_1,22,29.3,-2.7785714285714285,635.5,-25.68120687638873,15.63,10.544987146529563,39.92,low
zone_1,23,28.09,-2.771428571428572,732.3,13.183925811437398,23.45,10.135567010309277,36.51,low
zone_1,24,25.1,-2.632857142857143,685.5,-4.80488820997084,14.66,9.533369506239826,47.8,medium
zone_1,25,21.8,-2.6071428571428568,728.1,5.8131085598023535,14.18,8.36164383561644,45.53,medium
zone_1,26,20.94,-2.3542857142857145,578.4,-20.59308072487644,10.08,8.894417475728154,41.02,medium
zone_1,27,17.78,-2.2171428571428566,651.7,-8.12068236289298,13.16,8.01932989690722,44.1,medium
zone_1,28,14.07,-2.412857142857143,697.7,-5.42225837061136,18.39,5.8312611012433395,48.13,medium
zone_1,29,11.19,-2.587142857142857,698.3,9.881982690794642,12.66,4.3252346769740475,48.1,medium
zone_1,30,7.58,-2.9299999999999997,704.8,-3.7552915471801174,3.45,2.5870307167235502,49.96,medium
zone_1,31,5.43,-2.81,726.3,5.9518599562363175,22.23,1.9323843416370103,48.25,medium
zone_1,32,3.35,-2.6357142857142857,741.5,1.8404065375635184,9.96,1.2710027100271002,53.95,medium
zone_1,33,0.24,-2.9571428571428577,618.2,6.881051175656997,14.95,0.08115942028985504,53.07,medium
zone_1,34,0.0,-2.54,715.9,9.851158508516178,0.0,0.0,53.73,medium
zone_1,35,0.0,-2.0100000000000002,710.9,1.8919306292102522,0.0,0.0,48.39,medium
zone_1,36,0.0,-1.5985714285714285,658.0,-5.771158527853352,14.96,0.0,51.11,medium
zone_1,37,0.0,-1.082857142857143,752.3,6.739500567536891,10.21,0.0,49.76,medium
zone_1,38,0.0,-0.7757142857142857,637.6,-12.21258433154343,0.01,0.0,49.25,medium
zone_1,39,0.0,-0.4785714285714286,711.0,-4.11328388401888,14.67,0.0,48.83,medium
zone_1,40,0.0,-0.03428571428571429,1270.8,105.56454221934646,0.0,0.0,55.43,medium
zone_1,41,0.0,0.0,698.8,-2.3886017600223526,3.26,99.0,51.02,medium
zone_1,42,0.0,0.0,732.5,3.038402025601354,6.65,99.0,50.2,medium
zone_1,43,0.0,0.0,712.5,8.282674772036474,10.5,99.0,46.87,medium
zone_1,44,0.0,0.0,772.8,2.7249767380034564,12.41,99.0,45.01,medium
zone_1,45,0.0,0.0,677.5,6.257841907151815,0.4,99.0,44.75,medium
zone_1,46,0.0,0.0,724.2,1.8565400843881923,0.0,99.0,46.34,medium
zone_1,47,0.0,0.0,590.0,-53.57255272269437,0.0,99.0,48.68,medium
zone_1,48,0.0,0.0,558.4,-20.091585575271893,11.97,99.0,44.02,medium
zone_1,49,0.0,0.0,659.5,-9.965870307167235,0.0,99.0,48.98,medium
zone_1,50,0.0,0.0,712.3,-0.028070175438602876,18.09,99.0,42.57,medium
zone_1,51,0.0,0.0,758.7,-1.8245341614906714,28.71,99.0,38.51,low
zone_1,52,0.0,0.0,712.1,5.107011070110704,11.05,99.0,50.86,medium
zone_1,53,0.0,0.0,748.2,3.3140016570008286,0.0,99.0,46.9,medium
zone_1,54,0.0,0.0,757.5,28.389830508474578,0.0,99.0,46.96,medium
zone_1,55,0.0,0.0,653.0,16.94126074498568,7.99,99.0,44.28,medium
zone_1,56,0.0,0.0,697.7,5.792266868840038,6.47,99.0,49.86,medium
zone_1,57,0.0,0.0,643.7,-9.630773550470295,0.0,99.0,54.1,medium
zone_1,58,0.0,0.0,613.5,-19.137999209173593,0.0,99.0,46.99,medium
zone_1,59,0.0,0.0,769.9,8.116837522819823,6.85,99.0,47.4,medium
zone_1,60,0.0,0.0,716.1,-4.290296712109065,13.5,99.0,51.27,medium
zone_1,61,0.0,0.0,637.7,-15.815181518151809,9.67,99.0,40.2,medium
zone_1,62,0.0,0.0,674.9,3.3537519142419563,17.04,99.0,54.62,medium
zone_1,63,0.0,0.0,787.8,12.913859825139731,18.0,99.0,56.99,medium
zone_1,64,0.0,0.0,700.8,8.870591890632268,10.38,99.0,37.06,low
zone_1,65,0.0,0.0,710.6,15.827220863895683,16.78,99.0,47.15,medium
zone_1,66,0.0,0.0,644.9,-16.23587478893363,22.12,99.0,43.07,medium
zone_1,67,0.0,0.0,738.2,3.086161150677283,25.75,99.0,44.64,medium
zone_1,68,0.0,0.0,732.0,14.78751764152422,0.0,99.0,47.81,medium
zone_1,69,0.0,0.0,669.8,-0.7556675062972326,11.87,99.0,50.42,medium
zone_1,70,0.0,0.0,802.2,1.8278750952018394,25.68,99.0,45.18,medium
zone_1,71,0.0,0.0,695.8,-0.7134703196347032,12.74,99.0,43.43,medium
zone_1,72,0.0,0.0,723.0,1.7450042217844044,24.03,99.0,45.13,medium
zone_1,73,0.0,0.0,629.8,-2.341448286556059,22.78,99.0,47.93,medium
zone_1,74,0.0,0.0,1115.5,51.11081007856948,33.13,99.0,43.33,medium
zone_1,75,0.0,0.0,682.9,-6.707650273224047,25.95,99.0,38.9,low
zone_1,76,0.0,0.0,730.3,9.03254702896387,28.59,99.0,53.68,medium
zone_1,77,0.0,0.0,668.8,-16.629269508850673,30.03,99.0,42.43,medium
zone_1,78,0.0,0.0,689.0,-0.9772923253808501,36.86,99.0,44.45,medium
zone_1,79,0.0,0.0,616.2,-14.77178423236514,28.43,99.0,43.6,medium
zone_1,80,0.0,0.0,745.5,18.370911400444594,30.62,99.0,48.29,medium
zone_1,81,0.0,0.0,689.6,-38.18018825638727,17.27,99.0,53.62,medium
zone_1,82,0.0,0.0,721.8,5.6962952115975956,44.37,99.0,47.66,medium
zone_1,83,0.0,0.0,678.6,-7.079282486649313,43.43,99.0,38.93,low
zone_1,84,0.0,0.0,716.1,7.0723684210526425,41.73,99.0,39.89,low
zone_1,85,0.35,0.049999999999999996,735.1,6.690856313497827,29.01,99.0,43.77,medium
zone_1,86,0.0,0.0,793.9,28.838039597533253,26.07,99.0,46.13,medium
zone_1,87,0.0,0.0,792.9,6.358148893360157,36.21,99.0,38.49,low
zone_1,88,0.0,0.0,736.1,6.7430394431554515,29.14,99.0,48.79,medium
zone_1,89,0.88,0.12571428571428572,619.8,-14.131338320864506,36.06,99.0,40.26,medium
zone_10,0,49.57,0.0,2718.9,0.0,31.54,99.0,28.67,low
zone_10,1,39.65,0.0,2917.4,0.0,27.88,99.0,34.69,low
zone_10,2,30.67,0.0,2801.9,0.0,38.62,99.0,30.21,low
zone_10,3,22.99,0.0,2544.8,0.0,44.72,99.0,36.41,low
zone_10,4,15.68,0.0,2509.7,0.0,33.15,99.0,33.02,low
zone_10,5,5.69,0.0,2972.6,0.0,19.14,99.0,46.24,medium
zone_10,6,0.0,0.0,2667.3,0.0,24.66,99.0,43.65,medium
zone_10,7,0.0,-7.081428571428572,2897.0,6.550443193938722,35.25,0.0,51.04,medium
zone_10,8,0.0,-5.664285714285714,2468.5,-15.386988414341541,33.48,0.0,53.84,medium
zone_10,9,0.0,-4.381428571428572,2582.5,-7.8304007994575135,35.69,0.0,53.14,medium
zone_10,10,0.0,-3.2842857142857143,2545.6,0.03143665513988239,44.54,0.0,51.91,medium
zone_10,11,0.0,-2.2399999999999998,2580.0,2.8011316093557075,26.51,0.0,54.99,medium
zone_10,12,0.0,-0.812857142857143,2531.7,-14.832133485837318,32.82,0.0,43.89,medium
zone_10,13,0.0,0.0,3943.1,47.831140104225234,26.46,99.0,55.23,medium
zone_10,14,0.0,0.0,2364.9,-18.36727649292371,24.76,99.0,40.33,medium
zone_10,15,0.0,0.0,2872.8,16.37836742961313,34.84,99.0,52.44,medium
zone_10,16,0.0,0.0,2662.9,3.1132623426911943,28.99,99.0,41.24,medium
zone_10,17,0.0,0.0,2542.3,-0.12963544940288055,20.65,99.0,46.12,medium
zone_10,18,0.0,0.0,2504.5,-2.926356589147287,10.45,99.0,45.39,medium
zone_10,19,0.0,0.0,2827.5,11.683848797250867,21.4,99.0,45.36,medium
zone_10,20,0.0,0.0,2770.3,-29.743095533970727,25.09,99.0,48.79,medium
zone_10,21,0.0,0.0,2660.2,12.486785910609315,10.89,99.0,54.04,medium
zone_10,22,0.0,0.0,3048.1,6.102060707323855,3.99,99.0,53.25,medium
zone_10,23,0.0,0.0,2986.9,12.167186150437493,17.62,99.0,45.6,medium
zone_10,24,0.0,0.0,2360.0,-7.17067222593715,9.65,99.0,48.18,medium
zone_10,25,0.0,0.0,2515.0,0.41924535835496113,7.48,99.0,44.6,medium
zone_10,26,0.0,0.0,2578.4,-8.80990274093722,1.76,99.0,44.42,medium
zone_10,27,0.0,0.0,2711.7,-2.11529437245065,1.23,99.0,43.87,medium
zone_10,28,0.0,0.0,2656.9,-0.12405082324636221,10.76,99.0,45.56,medium
zone_10,29,0.0,0.0,2834.1,-7.020767035202258,18.01,99.0,47.44,medium
zone_10,30,0.0,0.0,2747.0,-8.031738591851086,7.23,99.0,40.09,medium
zone_10,31,0.0,0.0,4270.7,80.96186440677965,17.23,99.0,50.1,medium
zone_10,32,0.0,0.0,2738.5,8.886679920477137,25.19,99.0,52.17,medium
zone_10,33,0.0,0.0,1750.3,-32.11681663046851,7.48,99.0,52.19,medium
zone_10,34,0.0,0.0,2899.9,6.940295755430183,0.0,99.0,46.68,medium
zone_10,35,0.0,0.0,2823.7,6.27799314991154,6.11,99.0,42.66,medium
zone_10,36,0.0,0.0,2268.5,-19.956952824529832,11.82,99.0,49.02,medium
zone_10,37,0.0,0.0,2388.9,-13.036039315617035,5.61,99.0,38.66,low
zone_10,38,0.0,0.0,2625.8,-38.51593415599315,0.0,99.0,53.04,medium
zone_10,39,0.0,0.0,2759.3,0.7595398941026176,0.0,99.0,47.79,medium
zone_10,40,0.0,0.0,2810.3,60.561046677712405,0.0,99.0,59.56,medium
zone_10,41,0.0,0.0,2587.9,-10.758991689368598,0.0,99.0,41.69,medium
zone_10,42,0.0,0.0,3106.5,10.015228246626773,0.0,99.0,52.87,medium
zone_10,43,0.0,0.0,2993.4,31.955036367643824,14.59,99.0,48.36,medium
zone_10,44,0.0,0.0,3007.7,25.903135334254245,0.46,99.0,48.77,medium
zone_10,45,0.0,0.0,2298.9,-12.449539188056976,0.0,99.0,43.12,medium
zone_10,46,0.0,0.0,2746.5,-0.46388576812960464,0.0,99.0,50.98,medium
zone_10,47,0.0,0.0,2021.6,-28.064619435647447,10.9,99.0,50.0,medium
zone_10,48,0.0,0.0,2597.7,0.37868542061129595,4.51,99.0,55.22,medium
zone_10,49,0.0,0.0,5491.8,76.78416224046354,5.39,99.0,55.74,medium
zone_10,50,0.0,0.0,2231.9,-25.439299792877662,0.0,99.0,46.22,medium
zone_10,51,0.0,0.0,2795.1,-7.068524121421682,0.0,99.0,44.58,medium
zone_10,52,0.0,0.0,2823.4,22.815259471921355,16.78,99.0,42.48,medium
zone_10,53,0.0,0.0,2538.7,-7.565993082104503,0.0,99.0,54.49,medium
zone_10,54,0.0,0.0,2509.2,24.119509299564697,18.86,99.0,44.67,medium
zone_10,55,0.0,0.0,3217.9,23.874966316356787,0.0,99.0,55.95,medium
zone_10,56,0.0,0.0,2592.4,-52.79507629556793,12.89,99.0,49.15,medium
zone_10,57,0.0,0.0,2685.8,20.336932658273223,17.65,99.0,49.02,medium
zone_10,58,0.0,0.0,2980.3,6.625881006046305,15.5,99.0,45.91,medium
zone_10,59,0.0,0.0,2685.4,-4.887724020684281,11.2,99.0,49.9,medium
zone_10,60,0.0,0.0,2940.6,15.830937093788163,27.56,99.0,46.18,medium
zone_10,61,0.0,0.0,3188.0,27.052446995058194,20.94,99.0,46.23,medium
zone_10,62,0.0,0.0,2848.8,-11.470213493272006,7.9,99.0,50.44,medium
zone_10,63,0.0,0.0,2576.2,-0.6249035642647844,19.11,99.0,45.73,medium
zone_10,64,0.0,0.0,4339.1,61.55707796559684,28.63,99.0,45.66,medium
zone_10,65,0.0,0.0,3321.4,11.445156527866319,19.75,99.0,49.32,medium
zone_10,66,0.0,0.0,2613.1,-2.692336337230959,44.27,99.0,44.74,medium
zone_10,67,0.0,0.0,2659.8,-9.549071618037127,18.77,99.0,48.3,medium
zone_10,68,0.0,0.0,2571.8,-19.32873274780426,15.03,99.0,44.98,medium
zone_10,69,0.0,0.0,2905.1,1.9762707104745763,33.47,99.0,40.28,medium
zone_10,70,0.0,0.0,2837.5,10.142846052325138,37.31,99.0,52.55,medium
zone_10,71,0.0,0.0,2942.8,-32.17948422483926,29.63,99.0,51.23,medium
zone_10,72,0.0,0.0,2566.4,-22.731378334437284,34.69,99.0,48.54,medium
zone_10,73,0.0,0.0,2735.8,4.695572308752068,47.95,99.0,43.73,medium
zone_10,74,0.0,0.0,2589.2,-2.6543349123994417,41.61,99.0,43.8,medium
zone_10,75,0.0,0.0,2686.5,4.459911346138884,30.69,99.0,50.8,medium
zone_10,76,0.0,0.0,2891.1,-0.4819111218202472,50.17,99.0,43.58,medium
zone_10,77,0.0,0.0,2703.1,-4.736563876651986,44.59,99.0,42.47,medium
zone_10,78,0.0,0.0,2708.6,-7.958406959358443,39.38,99.0,52.49,medium
zone_10,79,0.0,0.0,3068.3,19.556577306733168,37.4,99.0,45.98,medium
zone_10,80,0.0,0.0,4020.8,46.96980773448351,47.74,99.0,54.89,medium
zone_10,81,0.0,0.0,2727.2,5.329831608218756,37.68,99.0,39.73,low
zone_10,82,0.0,0.0,2437.6,-9.26484273217942,59.22,99.0,47.07,medium
zone_10,83,0.0,0.0,2734.6,-5.413164539448653,42.51,99.0,53.28,medium
zone_10,84,0.0,0.0,2446.9,-9.478006733010242,25.26,99.0,45.69,medium
zone_10,85,0.0,0.0,2377.4,-12.227719116886947,23.28,99.0,44.75,medium
zone_10,86,0.0,0.0,2505.8,-18.33262718769351,44.72,99.0,40.33,medium
zone_10,87,0.0,0.0,2789.6,-30.6207719856745,23.4,99.0,50.12,medium
zone_10,88,0.0,0.0,2965.5,8.737899677324735,26.08,99.0,42.91,medium
zone_10,89,0.0,0.0,2961.1,21.476042008532982,52.65,99.0,45.91,medium
zone_11,0,34.8,0.0,2407.4,0.0,42.19,99.0,24.4,low
zone_11,1,19.24,0.0,2695.2,0.0,24.78,99.0,43.2,medium
zone_11,2,5.85,0.0,2375.6,0.0,34.29,99.0,46.99,medium
zone_11,3,0.0,0.0,2453.5,0.0,36.05,99.0,44.87,medium
zone_11,4,0.0,0.0,2445.8,0.0,40.45,99.0,40.38,medium
zone_11,5,0.0,0.0,1831.8,0.0,31.24,99.0,51.14,medium
zone_11,6,0.0,0.0,2090.8,0.0,28.49,99.0,43.72,medium
zone_11,7,0.0,-4.971428571428571,2604.2,8.174794383982709,16.15,0.0,52.73,medium
zone_11,8,0.0,-2.748571428571428,2378.4,-11.754229741763126,9.08,0.0,47.33,medium
zone_11,9,0.0,-0.8357142857142856,2571.2,8.233709378683276,16.35,0.0,46.64,medium
zone_11,10,0.0,0.0,2348.6,-4.275524760546162,23.37,99.0,39.98,low
zone_11,11,0.0,0.0,2817.4,15.193392754926807,25.05,99.0,44.01,medium
zone_11,12,0.0,0.0,2575.5,40.59941041598428,17.26,99.0,51.94,medium
zone_11,13,0.0,0.0,2176.2,4.08456093361391,13.29,99.0,45.75,medium
zone_11,14,0.0,0.0,2303.3,-11.554412103525062,20.43,99.0,47.57,medium
zone_11,15,0.0,0.0,2436.6,2.4470232088799113,7.11,99.0,45.0,medium
zone_11,16,0.0,0.0,2530.7,-1.5751400124455508,15.74,99.0,46.97,medium
zone_11,17,0.0,0.0,2559.8,8.992591331005716,1.11,99.0,56.69,medium
zone_11,18,0.0,0.0,2801.7,-0.5572513665081378,3.52,99.0,46.78,medium
zone_11,19,0.0,0.0,2200.1,-14.575810522228696,0.81,99.0,50.04,medium
zone_11,20,0.0,0.0,2448.8,12.526422203841575,3.13,99.0,42.71,medium
zone_11,21,0.0,0.0,2597.5,12.772977901272078,15.81,99.0,53.55,medium
zone_11,22,0.0,0.0,2298.9,-5.65131740950504,1.12,99.0,46.56,medium
zone_11,23,0.0,0.0,2657.9,5.026277314577006,25.54,99.0,50.04,medium
zone_11,24,0.0,0.0,2491.2,-2.679896866942744,0.0,99.0,48.11,medium
zone_11,25,0.0,0.0,2791.5,-0.36406467501873213,1.04,99.0,50.92,medium
zone_11,26,0.0,0.0,2557.2,16.231080405436114,0.0,99.0,52.26,medium
zone_11,27,0.0,0.0,2439.4,-0.38386148317543656,2.27,99.0,46.52,medium
zone_11,28,0.0,0.0,2005.3,-22.798845043310877,0.0,99.0,52.97,medium
zone_11,29,0.0,0.0,2398.4,4.3281569446256904,18.29,99.0,43.63,medium
zone_11,30,0.0,0.0,2654.5,-0.12792053877121376,0.0,99.0,51.71,medium
zone_11,31,0.0,0.0,2367.3,-4.973506743737943,0.0,99.0,47.04,medium
zone_11,32,0.0,0.0,2597.0,-6.967580154039048,0.0,99.0,50.0,medium
zone_11,33,0.0,0.0,2512.0,-1.767558266854365,14.92,99.0,44.96,medium
zone_11,34,0.0,0.0,2051.0,-15.921948020004923,12.68,99.0,47.28,medium
zone_11,35,0.0,0.0,2413.3,20.34608288036704,0.0,99.0,45.52,medium
zone_11,36,0.0,0.0,2333.3,-2.714309539693125,0.0,99.0,49.59,medium
zone_11,37,0.0,0.0,2362.4,-11.003955547184024,16.52,99.0,46.79,medium
zone_11,38,0.0,0.0,2379.9,0.532251932581418,0.0,99.0,46.47,medium
zone_11,39,0.0,0.0,2433.0,-6.314978821717367,0.0,99.0,48.38,medium
zone_11,40,0.0,0.0,2092.7,-16.69187898089173,3.79,99.0,48.68,medium
zone_11,41,0.0,0.0,2640.2,28.727450024378342,0.0,99.0,47.86,medium
zone_11,42,0.0,0.0,2279.3,-5.552562880702771,5.6,99.0,47.41,medium
zone_11,43,0.0,0.0,2552.8,9.407277246817811,6.62,99.0,44.35,medium
zone_11,44,0.0,0.0,2382.4,0.8465966813410091,2.02,99.0,57.79,medium
zone_11,45,0.0,0.0,2360.9,-0.7983528719694105,6.99,99.0,52.0,medium
zone_11,46,0.0,0.0,2400.3,-1.3440197287299556,18.31,99.0,47.5,medium
zone_11,47,0.0,0.0,2311.3,10.445835523486423,3.43,99.0,53.5,medium
zone_11,48,0.0,0.0,2296.7,-13.010378001666542,19.39,99.0,38.36,low
zone_11,49,0.0,0.0,2217.3,-2.7201333742815774,3.54,99.0,37.94,low
zone_11,50,0.0,0.0,2185.8,-14.376371043560013,14.02,99.0,45.32,medium
zone_11,51,0.0,0.0,2016.1,-15.375251846877106,17.79,99.0,40.95,medium
zone_11,52,0.0,0.0,2723.5,15.358549705620733,21.97,99.0,45.94,medium
zone_11,53,0.0,0.0,2184.4,-8.994708994708999,22.23,99.0,46.76,medium
zone_11,54,0.0,0.0,2241.5,-3.0199454852247727,19.09,99.0,49.99,medium
zone_11,55,0.0,0.0,2046.3,-10.902599381721595,10.59,99.0,42.78,medium
zone_11,56,0.0,0.0,2268.5,2.309114689036207,33.57,99.0,46.74,medium
zone_11,57,0.0,0.0,2340.0,7.05462530881141,8.17,99.0,48.1,medium
zone_11,58,0.0,0.0,2512.6,24.626754625266607,24.13,99.0,48.57,medium
zone_11,59,0.0,0.0,2594.8,-4.725536992840089,17.36,99.0,44.44,medium
zone_11,60,0.0,0.0,2900.4,32.777879509247384,28.16,99.0,52.72,medium
zone_11,61,0.0,0.0,2438.4,8.784296230202992,38.61,99.0,45.11,medium
zone_11,62,0.0,0.0,2144.4,4.794018472364763,31.27,99.0,52.38,medium
zone_11,63,0.0,0.0,2251.8,-0.7361692748512153,34.31,99.0,41.84,medium
zone_11,64,0.0,0.0,2408.4,2.923076923076927,35.51,99.0,48.15,medium
zone_11,65,0.0,0.0,2370.3,-5.663456180848512,43.83,99.0,44.76,medium
zone_11,66,0.0,0.0,4299.2,65.68521658702018,40.93,99.0,47.44,medium
zone_11,67,0.0,0.0,2225.3,-23.276099848296784,25.18,99.0,48.11,medium
zone_11,68,0.0,0.0,2279.5,-6.51656824146982,35.04,99.0,43.8,medium
zone_11,69,0.0,0.0,3683.2,71.75900018653235,34.32,99.0,38.1,low
zone_11,70,0.0,0.0,2116.9,-5.9907629451994,47.35,99.0,32.75,low
zone_11,71,0.0,0.0,2404.7,-0.15362896528816944,39.15,99.0,50.09,medium
zone_11,72,0.0,0.0,2545.6,7.395688309496676,28.37,99.0,50.56,medium
zone_11,73,0.0,0.0,2567.8,-40.27260885746185,35.59,99.0,52.55,medium
zone_11,74,0.0,0.0,2420.7,8.780838538623989,51.47,99.0,45.46,medium
zone_11,75,0.0,0.0,2379.2,4.373766176793149,48.56,99.0,40.09,medium
zone_11,76,0.0,0.0,2446.1,-33.58764118158123,16.49,99.0,44.94,medium
zone_11,77,0.0,0.0,2356.2,11.304265671500765,47.92,99.0,45.72,medium
zone_11,78,0.0,0.0,2446.3,1.7299455233501213,40.72,99.0,41.08,medium
zone_11,79,0.0,0.0,2439.0,-4.187617850408545,42.79,99.0,51.59,medium
zone_11,80,0.0,0.0,2405.1,-6.336163252589776,50.74,99.0,53.96,medium
zone_11,81,0.0,0.0,3740.3,54.51315735117943,34.95,99.0,50.18,medium
zone_11,82,0.0,0.0,2654.8,11.583725622057852,44.42,99.0,45.65,medium
zone_11,83,0.0,0.0,2536.2,3.6834144147827117,26.89,99.0,40.41,medium
zone_11,84,0.0,0.0,2438.2,3.4801799507681865,38.28,99.0,51.39,medium
zone_11,85,0.0,0.0,4047.4,65.44986305849649,18.87,99.0,50.39,medium
zone_11,86,0.0,0.0,2298.8,-5.748257482574818,40.36,99.0,43.84,medium
zone_11,87,0.0,0.0,2325.9,-3.2930023699638196,42.42,99.0,46.92,medium
zone_11,88,0.0,0.0,2573.8,-31.187337914071062,33.21,99.0,42.66,medium
zone_11,89,0.0,0.0,2552.6,-3.849630857315062,55.08,99.0,45.59,medium
zone_2,0,38.7,0.0,2966.7,0.0,31.09,99.0,21.82,low
zone_2,1,31.89,0.0,2886.7,0.0,33.97,99.0,35.0,low
zone_2,2,25.22,0.0,3241.7,0.0,24.57,99.0,33.88,low
zone_2,3,18.4,0.0,3097.1,0.0,39.89,99.0,41.36,medium
zone_2,4,11.3,0.0,2764.4,0.0,20.98,99.0,40.19,medium
zone_2,5,3.74,0.0,2895.3,0.0,23.53,99.0,43.55,medium
zone_2,6,0.0,0.0,2718.6,0.0,36.42,99.0,40.15,medium
zone_2,7,0.0,-5.528571428571429,2888.3,-2.642666936326546,32.92,0.0,58.04,medium
zone_2,8,0.0,-4.555714285714286,2889.9,0.11085322340389625,27.95,0.0,51.75,medium
zone_2,9,0.0,-3.6028571428571428,2960.8,-8.665206527439295,36.25,0.0,52.06,medium
zone_2,10,0.0,-2.6285714285714286,2823.8,-8.824384101256005,20.31,0.0,52.74,medium
zone_2,11,0.0,-1.6142857142857143,3195.3,15.587469251917236,44.96,0.0,50.46,medium
zone_2,12,0.0,-0.5342857142857144,2978.2,2.8632611473767704,42.8,0.0,39.68,low
zone_2,13,0.0,0.0,2866.3,5.432943426763786,28.05,99.0,44.64,medium
zone_2,14,0.0,0.0,4474.4,54.91465567981163,57.44,99.0,51.48,medium
zone_2,15,0.0,0.0,2932.0,1.4567978130731134,29.95,99.0,43.58,medium
zone_2,16,0.0,0.0,2640.2,-10.828154552823573,41.34,99.0,44.1,medium
zone_2,17,0.0,0.0,2877.4,1.8981514271548945,26.96,99.0,46.13,medium
zone_2,18,0.0,0.0,2891.4,-9.510844052201675,45.92,99.0,44.5,medium
zone_2,19,0.0,0.0,3302.7,10.89584312672084,30.25,99.0,41.53,medium
zone_2,20,0.0,0.0,2798.4,-2.3689076509786164,36.56,99.0,44.85,medium
zone_2,21,0.0,0.0,3161.5,-29.342481673520464,39.39,99.0,48.98,medium
zone_2,22,0.0,0.0,2524.4,-13.901773533424281,25.54,99.0,41.33,medium
zone_2,23,0.0,0.0,3049.1,15.487463070979476,46.35,99.0,44.43,medium
zone_2,24,0.0,0.0,3084.2,7.187043859039401,30.8,99.0,39.9,low
zone_2,25,0.0,0.0,3029.3,4.769315902331054,35.42,99.0,49.05,medium
zone_2,26,0.0,0.0,3253.6,-1.4866624277106584,46.39,99.0,44.63,medium
zone_2,27,0.0,0.0,2854.7,2.011863922241271,33.69,99.0,41.72,medium
zone_2,28,0.0,0.0,2763.9,-12.576308714217932,44.39,99.0,45.37,medium
zone_2,29,0.0,0.0,3362.9,33.215813658691175,31.0,99.0,42.18,medium
zone_2,30,0.0,0.0,2940.3,-3.5682660457183997,26.73,99.0,41.26,medium
zone_2,31,0.0,0.0,3315.0,7.483301990791784,34.0,99.0,39.61,low
zone_2,32,0.0,0.0,2810.4,-7.226091836397851,28.34,99.0,40.93,medium
zone_2,33,0.0,0.0,2476.4,-23.887386279813125,9.65,99.0,52.87,medium
zone_2,34,0.0,0.0,3425.2,19.984586821732584,25.65,99.0,43.79,medium
zone_2,35,0.0,0.0,3012.9,9.00900900900901,7.6,99.0,50.09,medium
zone_2,36,0.0,0.0,2964.7,-11.840970590859087,15.69,99.0,43.37,medium
zone_2,37,0.0,0.0,2366.2,-19.525218515117515,20.16,99.0,49.22,medium
zone_2,38,0.0,0.0,3142.1,-5.215686274509807,11.48,99.0,43.12,medium
zone_2,39,0.0,0.0,3040.9,8.201679476231142,18.04,99.0,47.08,medium
zone_2,40,0.0,0.0,3954.2,59.67533516394765,18.23,99.0,50.2,medium
zone_2,41,0.0,0.0,2508.5,-26.763400677332704,23.1,99.0,55.14,medium
zone_2,42,0.0,0.0,3062.7,1.652892561983462,30.81,99.0,47.62,medium
zone_2,43,0.0,0.0,3055.7,3.069450534624077,18.14,99.0,44.24,medium
zone_2,44,0.0,0.0,3168.4,33.90245963992902,7.67,99.0,52.45,medium
zone_2,45,0.0,0.0,3403.8,8.328824671398118,15.19,99.0,55.83,medium
zone_2,46,0.0,0.0,2862.8,-5.856818704988651,9.22,99.0,40.98,medium
zone_2,47,0.0,0.0,2685.9,-32.07475595569267,13.19,99.0,43.65,medium
zone_2,48,0.0,0.0,3047.7,21.494917281243765,15.78,99.0,47.05,medium
zone_2,49,0.0,0.0,3020.8,-1.3680739217030606,9.59,99.0,45.78,medium
zone_2,50,0.0,0.0,2538.3,-16.93229047354124,5.94,99.0,46.56,medium
zone_2,51,0.0,0.0,2793.4,-11.835626814796111,0.0,99.0,43.38,medium
zone_2,52,0.0,0.0,3094.4,-9.089840766202482,20.51,99.0,51.75,medium
zone_2,53,0.0,0.0,2903.9,1.4356573983512613,2.3,99.0,42.72,medium
zone_2,54,0.0,0.0,2950.0,9.832830708514834,9.46,99.0,47.25,medium
zone_2,55,0.0,0.0,3275.1,7.461364307510585,13.76,99.0,51.58,medium
zone_2,56,0.0,0.0,2900.8,-3.972457627118644,3.41,99.0,48.07,medium
zone_2,57,0.0,0.0,3146.8,23.97273765906315,0.0,99.0,46.12,medium
zone_2,58,0.0,0.0,2747.0,-1.661058208634642,0.0,99.0,43.21,medium
zone_2,59,0.0,0.0,2657.5,-14.1190537745605,0.0,99.0,47.68,medium
zone_2,60,0.0,0.0,2918.0,0.4855539102586146,13.58,99.0,43.97,medium
zone_2,61,0.0,0.0,2875.2,-2.5355932203389893,0.0,99.0,49.42,medium
zone_2,62,0.0,0.0,3495.1,6.7173521419193305,1.11,99.0,43.26,medium
zone_2,63,0.0,0.0,2750.4,-5.184776613348045,0.0,99.0,51.85,medium
zone_2,64,0.0,0.0,2615.0,-16.899707639506804,0.0,99.0,49.06,medium
zone_2,65,0.0,0.0,2907.0,5.824535857298872,0.0,99.0,49.71,medium
zone_2,66,0.0,0.0,3058.3,15.081843838193798,16.63,99.0,53.27,medium
zone_2,67,0.0,0.0,3159.4,8.272789581905418,0.0,99.0,47.35,medium
zone_2,68,0.0,0.0,2805.0,-2.4415692821368884,3.79,99.0,45.24,medium
zone_2,69,0.0,0.0,3120.2,-10.726445595261941,0.0,99.0,46.41,medium
zone_2,70,0.0,0.0,2902.0,5.5119255381035455,7.91,99.0,47.21,medium
zone_2,71,0.0,0.0,2968.1,13.502868068833648,7.08,99.0,48.2,medium
zone_2,72,0.0,0.0,2783.2,-4.258685930512563,8.53,99.0,44.25,medium
zone_2,73,0.0,0.0,2896.8,-5.28071150639244,0.0,99.0,40.51,medium
zone_2,74,0.0,0.0,2447.9,-22.52009875292777,7.33,99.0,45.48,medium
zone_2,75,0.0,0.0,3426.4,22.15329768270945,0.38,99.0,51.32,medium
zone_2,76,0.0,0.0,2890.4,-7.364912505608606,22.88,99.0,46.4,medium
zone_2,77,0.0,0.0,2531.5,-12.767057201929704,9.95,99.0,52.2,medium
zone_2,78,0.0,0.0,2814.7,-5.168289478117318,7.19,99.0,55.56,medium
zone_2,79,0.0,0.0,3143.1,12.931158378844499,20.33,99.0,49.97,medium
zone_2,80,0.0,0.0,2730.0,-5.758077879038946,6.19,99.0,53.39,medium
zone_2,81,0.0,0.0,2958.0,20.838269537154293,3.89,99.0,52.45,medium
zone_2,82,0.0,0.0,2959.0,-13.641139388279248,7.73,99.0,54.51,medium
zone_2,83,0.0,0.0,3082.0,6.6288402989205615,17.86,99.0,54.26,medium
zone_2,84,0.0,0.0,2719.4,7.422476792415568,27.88,99.0,49.5,medium
zone_2,85,0.0,0.0,3041.3,8.050591537286403,15.75,99.0,50.02,medium
zone_2,86,0.0,0.0,2939.1,-6.490407559415863,14.3,99.0,46.06,medium
zone_2,87,0.0,0.0,3072.0,12.527472527472527,34.94,99.0,45.59,medium
zone_2,88,0.0,0.0,2942.0,-0.5409060175794456,23.26,99.0,44.46,medium
zone_2,89,0.0,0.0,4182.4,41.34504900304156,12.26,99.0,52.09,medium
zone_3,0,45.25,0.0,2854.1,0.0,8.33,99.0,24.36,low
zone_3,1,37.81,0.0,2855.5,0.0,8.36,99.0,29.82,low
zone_3,2,29.12,0.0,2733.2,0.0,0.0,99.0,26.08,low
zone_3,3,22.02,0.0,2602.4,0.0,8.25,99.0,44.59,medium
zone_3,4,15.42,0.0,2740.2,0.0,18.96,99.0,38.5,low
zone_3,5,8.04,0.0,2785.5,0.0,0.0,99.0,46.8,medium
zone_3,6,1.18,0.0,2877.9,0.0,25.23,99.0,50.87,medium
zone_3,7,0.0,-6.464285714285714,2608.7,-8.598157037244668,6.36,0.0,59.04,medium
zone_3,8,0.0,-5.401428571428572,2835.3,-0.7074067588863533,0.17,0.0,64.36,medium
zone_3,9,0.0,-4.16,2514.4,-8.00526854968534,6.06,0.0,52.91,medium
zone_3,10,0.0,-3.1457142857142855,2597.8,-0.17675991392560364,17.45,0.0,63.96,medium
zone_3,11,0.0,-2.202857142857143,2515.7,-8.19283263995329,5.64,0.0,57.78,medium
zone_3,12,0.0,-1.1485714285714284,2670.3,-4.135702746365098,4.03,0.0,51.82,medium
zone_3,13,0.0,-0.16857142857142857,3027.5,5.1982348240036105,21.08,0.0,52.5,medium
zone_3,14,0.0,0.0,2149.1,-17.6179706367156,15.8,99.0,42.03,medium
zone_3,15,0.0,0.0,2516.4,-11.247487038408636,17.03,99.0,45.4,medium
zone_3,16,0.0,0.0,3031.7,20.57349665924275,17.64,99.0,53.49,medium
zone_3,17,0.0,0.0,2635.4,1.4473785510816808,24.76,99.0,38.25,low
zone_3,18,0.0,0.0,2819.7,12.084111778033947,21.26,99.0,49.02,medium
zone_3,19,0.0,0.0,2938.0,10.025090813766235,23.46,99.0,48.52,medium
zone_3,20,0.0,0.0,2693.5,-11.032204789430224,23.11,99.0,53.7,medium
zone_3,21,0.0,0.0,2508.6,16.72793262295845,23.59,99.0,40.44,medium
zone_3,22,0.0,0.0,2642.3,5.0031791448100496,21.67,99.0,52.74,medium
zone_3,23,0.0,0.0,2597.2,-14.331892997328232,22.52,99.0,43.66,medium
zone_3,24,0.0,0.0,2642.6,0.2732033087956218,28.3,99.0,43.43,medium
zone_3,25,0.0,0.0,2671.8,-5.245238855197349,22.05,99.0,41.07,medium
zone_3,26,0.0,0.0,2420.8,-17.60381211708645,14.18,99.0,42.55,medium
zone_3,27,0.0,0.0,2841.0,5.476146278076851,36.87,99.0,46.94,medium
zone_3,28,0.0,0.0,2559.0,2.009088734752455,20.35,99.0,41.83,medium
zone_3,29,0.0,0.0,2720.5,2.959542822540961,35.49,99.0,48.14,medium
zone_3,30,0.0,0.0,2627.4,1.162790697674429,40.18,99.0,42.42,medium
zone_3,31,0.0,0.0,2626.0,-0.628169227276164,39.04,99.0,40.15,medium
zone_3,32,0.0,0.0,2572.7,-3.7091099633206213,41.12,99.0,42.89,medium
zone_3,33,0.0,0.0,2769.1,14.38780568407137,30.53,99.0,47.21,medium
zone_3,34,0.0,0.0,2639.6,-7.089053150299193,43.78,99.0,43.89,medium
zone_3,35,0.0,0.0,2573.1,0.5509964830011688,39.7,99.0,45.17,medium
zone_3,36,0.0,0.0,2312.7,-14.989891564050733,45.03,99.0,47.78,medium
zone_3,37,0.0,0.0,2766.5,5.294207201035241,34.89,99.0,49.65,medium
zone_3,38,0.0,0.0,4280.0,62.98552932216298,41.65,99.0,47.51,medium
zone_3,39,0.0,0.0,2924.4,13.67046293776967,28.97,99.0,41.77,medium
zone_3,40,0.0,0.0,2549.6,-7.926763208262614,42.78,99.0,45.3,medium
zone_3,41,0.0,0.0,2403.7,-8.936960145476592,27.42,99.0,47.19,medium
zone_3,42,0.0,0.0,2779.9,8.036998173409513,23.51,99.0,40.42,medium
zone_3,43,0.0,0.0,2403.9,3.94344272927748,38.11,99.0,41.67,medium
zone_3,44,0.0,0.0,2388.5,-13.663473703235136,29.1,99.0,42.23,medium
zone_3,45,0.0,0.0,2532.9,-40.820093457943926,38.29,99.0,44.17,medium
zone_3,46,0.0,0.0,2757.6,-5.7037340993024275,32.87,99.0,41.96,medium
zone_3,47,0.0,0.0,2463.4,-3.380922497646683,36.56,99.0,47.83,medium
zone_3,48,0.0,0.0,2498.0,3.9231185256063643,7.8,99.0,41.48,medium
zone_3,49,0.0,0.0,2223.6,-20.01151120543905,39.44,99.0,38.68,low
zone_3,50,0.0,0.0,2809.6,16.876741960980066,22.08,99.0,45.63,medium
zone_3,51,0.0,0.0,2343.7,-1.8756541762612595,39.51,99.0,44.3,medium
zone_3,52,0.0,0.0,2359.6,-6.84195980891469,21.64,99.0,40.18,medium
zone_3,53,0.0,0.0,2469.4,-10.451116913257898,12.49,99.0,44.67,medium
zone_3,54,0.0,0.0,2254.1,-8.496387107250149,27.7,99.0,43.67,medium
zone_3,55,0.0,0.0,2567.3,2.7742193755004076,14.91,99.0,45.4,medium
zone_3,56,0.0,0.0,3569.5,60.5279726569527,21.42,99.0,50.27,medium
zone_3,57,0.0,0.0,4119.3,46.615176537585434,20.18,99.0,46.33,medium
zone_3,58,0.0,0.0,2958.6,26.236293040918213,22.55,99.0,53.38,medium
zone_3,59,0.0,0.0,3835.2,62.53602305475504,17.54,99.0,52.2,medium
zone_3,60,0.0,0.0,4389.3,77.74763100348264,21.43,99.0,46.55,medium
zone_3,61,0.0,0.0,2515.9,11.614391553169789,16.32,99.0,47.72,medium
zone_3,62,0.0,0.0,2332.2,-9.157480621664797,17.84,99.0,46.96,medium
zone_3,63,0.0,0.0,2361.7,-33.8366718027735,19.62,99.0,51.1,medium
zone_3,64,0.0,0.0,2488.7,-39.58439540698663,13.2,99.0,44.61,medium
zone_3,65,0.0,0.0,2612.8,-11.687960521868442,13.31,99.0,50.07,medium
zone_3,66,0.0,0.0,2527.0,-34.11034626616603,12.8,99.0,47.23,medium
zone_3,67,0.0,0.0,2782.4,-36.609482149773314,11.0,99.0,53.25,medium
zone_3,68,0.0,0.0,2766.2,9.948726101991324,16.44,99.0,52.39,medium
zone_3,69,0.0,0.0,2732.2,17.151187719749593,13.38,99.0,48.81,medium
zone_3,70,0.0,0.0,3228.1,36.68543845534997,16.45,99.0,47.78,medium
zone_3,71,0.0,0.0,2500.8,0.4861976132117316,0.0,99.0,50.66,medium
zone_3,72,0.0,0.0,2562.5,-1.9251377832210723,8.58,99.0,46.85,medium
zone_3,73,0.0,0.0,2555.6,1.131776810447167,3.26,99.0,55.0,medium
zone_3,74,0.0,0.0,2620.2,-5.829499712478445,0.0,99.0,48.91,medium
zone_3,75,0.0,0.0,2385.0,-13.780637697924947,6.73,99.0,46.17,medium
zone_3,76,0.0,0.0,2495.2,-8.674328380060025,0.0,99.0,46.76,medium
zone_3,77,0.0,0.0,2647.4,-17.988909885071706,9.3,99.0,42.63,medium
zone_3,78,0.0,0.0,2681.4,7.221689059500956,14.78,99.0,49.49,medium
zone_3,79,0.0,0.0,2922.0,14.029268292682929,0.0,99.0,46.16,medium
zone_3,80,0.0,0.0,2819.0,10.306777273438726,6.03,99.0,52.89,medium
zone_3,81,0.0,0.0,2672.7,2.003663842454775,2.86,99.0,43.21,medium
zone_3,82,0.0,0.0,2621.6,9.920335429769388,2.57,99.0,49.4,medium
zone_3,83,0.0,0.0,2648.1,6.12776530939404,10.7,99.0,52.28,medium
zone_3,84,0.0,0.0,2679.8,1.223842260330894,0.0,99.0,40.06,medium
zone_3,85,0.0,0.0,3195.9,19.187737748937124,0.0,99.0,57.82,medium
zone_3,86,0.0,0.0,2550.9,-12.700205338809031,10.52,99.0,45.64,medium
zone_3,87,0.0,0.0,2674.6,-5.122383824051085,0.0,99.0,49.16,medium
zone_3,88,0.0,0.0,2517.9,-5.791895835671783,0.0,99.0,50.89,medium
zone_3,89,0.0,0.0,2754.7,5.077052181873662,9.71,99.0,50.64,medium
zone_4,0,55.4,0.0,1425.1,0.0,15.57,99.0,22.9,low
zone_4,1,44.76,0.0,1623.4,0.0,21.1,99.0,29.92,low
zone_4,2,38.04,0.0,1374.4,0.0,22.99,99.0,30.8,low
zone_4,3,30.64,0.0,1277.0,0.0,14.16,99.0,40.16,medium
zone_4,4,23.52,0.0,1364.0,0.0,20.46,99.0,37.65,low
zone_4,5,16.33,0.0,1507.9,0.0,23.93,99.0,46.24,medium
zone_4,6,6.96,0.0,1475.7,0.0,14.37,99.0,47.35,medium
zone_4,7,0.0,-7.914285714285714,1389.2,-2.5191214651603304,16.71,0.0,49.37,medium
zone_4,8,0.0,-6.394285714285714,1397.5,-13.91523962054947,9.23,0.0,67.94,medium
zone_4,9,0.0,-5.434285714285714,1630.6,18.64086146682187,18.81,0.0,55.16,medium
zone_4,10,0.0,-4.377142857142857,1285.4,0.6577916992952303,25.66,0.0,61.54,medium
zone_4,11,0.0,-3.36,1524.4,11.759530791788864,9.42,0.0,56.68,medium
zone_4,12,0.0,-2.3328571428571427,1578.9,4.708535048743285,5.8,0.0,58.26,medium
zone_4,13,0.0,-0.9942857142857143,1123.5,-23.86663956088636,15.11,0.0,46.52,medium
zone_4,14,0.0,0.0,1449.1,4.311834149150581,17.38,99.0,49.28,medium
zone_4,15,0.0,0.0,1475.6,5.588550983899815,11.57,99.0,46.53,medium
zone_4,16,0.0,0.0,1266.8,-22.310805838341714,10.19,99.0,53.69,medium
zone_4,17,0.0,0.0,1597.3,24.264820289404064,0.0,99.0,51.81,medium
zone_4,18,0.0,0.0,1418.7,-6.933875623196014,14.12,99.0,50.65,medium
zone_4,19,0.0,0.0,1212.4,-23.212363037557793,12.36,99.0,38.46,low
zone_4,20,0.0,0.0,1490.9,32.70137961726747,13.3,99.0,48.62,medium
zone_4,21,0.0,0.0,1289.1,-11.041336001656202,0.0,99.0,50.24,medium
zone_4,22,0.0,0.0,1389.4,-5.841691515315792,18.48,99.0,47.28,medium
zone_4,23,0.0,0.0,1394.1,10.048942216608776,13.57,99.0,51.42,medium
zone_4,24,0.0,0.0,1357.9,-14.987791898829267,20.21,99.0,44.71,medium
zone_4,25,0.0,0.0,1445.3,1.8749559455839788,0.0,99.0,48.91,medium
zone_4,26,0.0,0.0,1215.5,0.2556911910260565,0.0,99.0,53.34,medium
zone_4,27,0.0,0.0,1480.6,-0.690857871084592,24.14,99.0,36.59,low
zone_4,28,0.0,0.0,1367.0,6.042975719494229,0.0,99.0,51.32,medium
zone_4,29,0.0,0.0,1471.1,5.880236073125077,14.23,99.0,45.91,medium
zone_4,30,0.0,0.0,1145.1,-17.860985582095978,0.0,99.0,44.95,medium
zone_4,31,0.0,0.0,1277.1,-5.950364533470814,15.34,99.0,48.11,medium
zone_4,32,0.0,0.0,1344.9,-6.946654673770142,12.14,99.0,52.05,medium
zone_4,33,0.0,0.0,1564.8,28.737145207733438,2.75,99.0,54.15,medium
zone_4,34,0.0,0.0,1378.3,-6.90936106983655,4.58,99.0,47.51,medium
zone_4,35,0.0,0.0,1319.7,-3.4601316752011666,10.36,99.0,50.86,medium
zone_4,36,0.0,0.0,1466.3,-0.32628645231459147,0.0,99.0,52.07,medium
zone_4,37,0.0,0.0,1367.6,19.43061741332635,2.86,99.0,49.07,medium
zone_4,38,0.0,0.0,1310.5,2.6153002897189017,9.5,99.0,44.84,medium
zone_4,39,0.0,0.0,1348.5,0.267677894267225,10.49,99.0,44.82,medium
zone_4,40,0.0,0.0,1227.9,-21.529907975460112,0.0,99.0,51.95,medium
zone_4,41,0.0,0.0,1129.5,-18.05122252049626,15.1,99.0,46.62,medium
zone_4,42,0.0,0.0,1513.8,14.707888156399173,12.05,99.0,43.85,medium
zone_4,43,0.0,0.0,1502.0,2.434699583986909,0.18,99.0,41.99,medium
zone_4,44,0.0,0.0,1418.6,3.7291605732670376,5.65,99.0,51.47,medium
zone_4,45,0.0,0.0,1470.0,12.170927127050744,6.93,99.0,46.31,medium
zone_4,46,0.0,0.0,1478.9,9.670003707823515,22.07,99.0,47.85,medium
zone_4,47,0.0,0.0,1397.9,13.844775633194883,13.86,99.0,52.73,medium
zone_4,48,0.0,0.0,1242.1,9.969012837538727,8.32,99.0,42.96,medium
zone_4,49,0.0,0.0,1534.8,1.3872374157748713,16.12,99.0,46.57,medium
zone_4,50,0.0,0.0,1452.8,-3.2756324900133187,23.53,99.0,45.09,medium
zone_4,51,0.0,0.0,1356.8,-4.356407725926967,28.25,99.0,46.73,medium
zone_4,52,0.0,0.0,1375.2,-6.448979591836731,22.6,99.0,50.84,medium
zone_4,53,0.0,0.0,1310.0,-11.420650483467448,31.15,99.0,39.68,low
zone_4,54,0.0,0.0,1144.5,-18.127190786179273,24.85,99.0,47.9,medium
zone_4,55,0.0,0.0,1441.7,16.069559616778047,35.07,99.0,50.09,medium
zone_4,56,0.0,0.0,1827.6,19.07740422204847,35.38,99.0,45.4,medium
zone_4,57,0.0,0.0,1389.1,-4.384636563876655,24.55,99.0,45.1,medium
zone_4,58,0.0,0.0,1364.2,0.5454009433962331,44.55,99.0,46.71,medium
zone_4,59,0.0,0.0,1508.1,9.664048865619536,28.33,99.0,47.16,medium
zone_4,60,0.0,0.0,1368.5,4.465648854961832,33.41,99.0,47.6,medium
zone_4,61,0.0,0.0,1458.0,27.391874180865006,38.05,99.0,48.89,medium
zone_4,62,0.0,0.0,1333.8,-7.4842200180342715,33.6,99.0,41.07,medium
zone_4,63,0.0,0.0,1375.9,-24.715473845480403,21.29,99.0,50.01,medium
zone_4,64,0.0,0.0,1481.1,6.622993305017638,18.62,99.0,51.43,medium
zone_4,65,0.0,0.0,1574.7,15.430288813956897,46.65,99.0,46.67,medium
zone_4,66,0.0,0.0,1440.0,-4.515615675353088,22.08,99.0,39.97,low
zone_4,67,0.0,0.0,1430.2,4.508586043112901,36.42,99.0,44.81,medium
zone_4,68,0.0,0.0,1495.4,2.5651577503429417,29.45,99.0,46.0,medium
zone_4,69,0.0,0.0,1544.5,15.796971060128959,38.32,99.0,41.37,medium
zone_4,70,0.0,0.0,1467.1,6.628388691038579,41.62,99.0,43.96,medium
zone_4,71,0.0,0.0,1503.2,1.4921342245628344,22.66,99.0,40.33,medium
zone_4,72,0.0,0.0,1288.3,-18.187591287229317,47.43,99.0,47.43,medium
zone_4,73,0.0,0.0,1479.4,2.7361111111111174,24.59,99.0,46.48,medium
zone_4,74,0.0,0.0,1491.2,4.26513774297301,37.72,99.0,38.67,low
zone_4,75,0.0,0.0,1411.4,-5.617226160224688,49.85,99.0,46.41,medium
zone_4,76,0.0,0.0,1383.2,-10.443509226286821,30.69,99.0,44.77,medium
zone_4,77,0.0,0.0,2277.9,55.26548974166725,45.94,99.0,50.38,medium
zone_4,78,0.0,0.0,1280.3,-14.828366152208627,35.63,99.0,43.43,medium
zone_4,79,0.0,0.0,1420.2,10.238298532950408,31.65,99.0,42.41,medium
zone_4,80,0.0,0.0,1296.1,-12.390158172231997,45.41,99.0,41.92,medium
zone_4,81,0.0,0.0,1437.9,-3.574302575107293,32.96,99.0,42.85,medium
zone_4,82,0.0,0.0,1401.1,-0.7297718577299264,30.23,99.0,45.08,medium
zone_4,83,0.0,0.0,1547.4,11.871023713128979,38.28,99.0,46.3,medium
zone_4,84,0.0,0.0,1444.4,-36.590719522367095,44.36,99.0,44.24,medium
zone_4,85,0.0,0.0,1311.3,2.4213075060532687,38.83,99.0,43.45,medium
zone_4,86,0.0,0.0,1175.9,-17.20180256301929,40.13,99.0,43.59,medium
zone_4,87,0.0,0.0,1493.9,15.261168119743862,39.95,99.0,55.95,medium
zone_4,88,0.0,0.0,1264.4,-12.066207663954378,34.5,99.0,41.92,medium
zone_4,89,0.0,0.0,1070.2,-23.61715794732709,29.69,99.0,42.81,medium
zone_5,0,65.5,0.0,1404.8,0.0,6.45,99.0,31.53,low
zone_5,1,61.31,0.0,1406.7,0.0,0.0,99.0,22.69,low
zone_5,2,57.65,0.0,1246.5,0.0,18.91,99.0,14.87,low
zone_5,3,55.29,0.0,1342.1,0.0,3.42,99.0,26.68,low
zone_5,4,52.07,0.0,1458.7,0.0,0.0,99.0,21.53,low
zone_5,5,44.63,0.0,2317.8,0.0,11.11,99.0,30.82,low
zone_5,6,40.96,0.0,1399.4,0.0,0.0,99.0,29.32,low
zone_5,7,37.66,-3.9771428571428578,1483.6,5.609339407744872,8.2,9.469109195402297,39.19,low
zone_5,8,34.56,-3.8214285714285716,1309.8,-6.888462358711885,0.0,9.043738317757008,49.04,medium
zone_5,9,32.96,-3.5271428571428567,1450.8,16.3898916967509,9.74,9.34467395706764,44.67,medium
zone_5,10,28.36,-3.847142857142857,1335.4,-0.49921764399074725,6.48,7.371704418863722,48.57,medium
zone_5,11,23.88,-4.027142857142858,1505.1,3.180914512922456,6.16,5.929762327066335,49.05,medium
zone_5,12,19.57,-3.5800000000000005,1336.9,-42.32030373630167,0.0,5.466480446927374,46.97,medium
zone_5,13,14.67,-3.755714285714286,1461.8,4.459053880234376,11.46,3.906047926968429,52.73,medium
zone_5,14,10.49,-3.881428571428571,1494.4,0.7279590186034094,0.96,2.7026131762973877,58.35,medium
zone_5,15,5.17,-4.198571428571428,1673.1,27.737059092991295,17.3,1.2313712146988771,56.4,medium
zone_5,16,0.42,-4.648571428571429,1833.3,26.364764267990076,0.67,0.09035033804548248,67.12,medium
zone_5,17,0.0,-4.051428571428572,2152.9,61.217612700314504,11.4,0.0,64.31,medium
zone_5,18,0.0,-3.4114285714285715,1600.3,6.325161118862538,20.08,0.0,55.95,medium
zone_5,19,0.0,-2.795714285714286,1276.3,-4.532874560550537,13.87,0.0,54.93,medium
zone_5,20,0.0,-2.0957142857142856,1395.2,-4.556026816253928,16.51,0.0,52.41,medium
zone_5,21,0.0,-1.4985714285714287,1270.8,-14.962526766595296,2.52,0.0,47.04,medium
zone_5,22,0.0,-0.7385714285714285,1545.6,-7.620584543661467,7.55,0.0,49.18,medium
zone_5,23,0.0,-0.06,1400.8,-23.591338024327715,9.32,0.0,48.52,medium
zone_5,24,0.0,0.0,1726.3,-19.81513307631567,4.6,99.0,46.38,medium
zone_5,25,0.0,0.0,1450.3,-9.373242517028057,12.48,99.0,48.45,medium
zone_5,26,0.0,0.0,1138.0,-10.836010342395985,14.05,99.0,47.0,medium
zone_5,27,0.0,0.0,1486.0,6.508027522935776,16.73,99.0,50.08,medium
zone_5,28,0.0,0.0,1402.5,10.36355051935789,19.58,99.0,49.52,medium
zone_5,29,0.0,0.0,1313.2,-15.036231884057964,15.97,99.0,47.35,medium
zone_5,30,0.0,0.0,1476.5,5.404054825813824,11.06,99.0,42.13,medium
zone_5,31,0.0,0.0,1391.4,-19.399872559809992,15.94,99.0,53.85,medium
zone_5,32,0.0,0.0,1596.3,10.066882713921258,16.59,99.0,46.65,medium
zone_5,33,0.0,0.0,1589.9,39.71001757469245,34.33,99.0,47.06,medium
zone_5,34,0.0,0.0,1315.3,-11.487213997308213,12.79,99.0,45.7,medium
zone_5,35,0.0,0.0,1352.2,-3.586452762923348,13.4,99.0,45.04,medium
zone_5,36,0.0,0.0,1082.9,-17.537313432835816,19.37,99.0,52.45,medium
zone_5,37,0.0,0.0,1527.2,3.433796139519136,39.74,99.0,50.75,medium
zone_5,38,0.0,0.0,1433.7,3.0401034928848607,40.55,99.0,46.96,medium
zone_5,39,0.0,0.0,1107.7,-30.60828165131867,26.51,99.0,44.99,medium
zone_5,40,0.0,0.0,1603.3,0.8428203031637124,31.41,99.0,47.53,medium
zone_5,41,0.0,0.0,1209.3,-8.058997947236373,31.18,99.0,45.3,medium
zone_5,42,0.0,0.0,1380.9,2.1224670906670644,40.15,99.0,44.37,medium
zone_5,43,0.0,0.0,1372.9,26.7799427463293,26.56,99.0,48.37,medium
zone_5,44,0.0,0.0,1415.6,-7.307490832896814,32.12,99.0,43.24,medium
zone_5,45,0.0,0.0,1411.4,-1.5554160563576729,47.16,99.0,46.01,medium
zone_5,46,0.0,0.0,1333.0,20.339442087207722,54.3,99.0,47.04,medium
zone_5,47,0.0,0.0,1525.4,-4.858728871702106,33.14,99.0,47.41,medium
zone_5,48,0.0,0.0,1167.8,-3.431737368725709,32.68,99.0,42.52,medium
zone_5,49,0.0,0.0,1340.1,-2.9545948294590616,34.03,99.0,47.84,medium
zone_5,50,0.0,0.0,1428.8,4.071673100735659,45.72,99.0,41.62,medium
zone_5,51,0.0,0.0,1431.4,1.1161345012715584,49.58,99.0,42.78,medium
zone_5,52,0.0,0.0,1236.1,-12.420291908743105,43.69,99.0,42.88,medium
zone_5,53,0.0,0.0,1426.4,7.006751687921987,28.11,99.0,41.36,medium
zone_5,54,0.0,0.0,1378.8,-9.610593942572448,31.32,99.0,49.06,medium
zone_5,55,0.0,0.0,1345.4,15.208083575954797,39.57,99.0,42.04,medium
zone_5,56,0.0,0.0,1283.2,-4.245951794642181,45.81,99.0,42.2,medium
zone_5,57,0.0,0.0,1334.2,-6.620940649496075,34.11,99.0,50.02,medium
zone_5,58,0.0,0.0,1405.7,-1.795445018862655,57.12,99.0,42.72,medium
zone_5,59,0.0,0.0,1293.0,4.603187444381531,53.58,99.0,44.52,medium
zone_5,60,0.0,0.0,2065.8,44.82613572630398,46.65,99.0,43.64,medium
zone_5,61,0.0,0.0,1412.3,2.429648970118944,27.1,99.0,48.83,medium
zone_5,62,0.0,0.0,1403.9,4.34814924929389,28.11,99.0,48.87,medium
zone_5,63,0.0,0.0,1589.4,23.862219451371576,28.38,99.0,49.58,medium
zone_5,64,0.0,0.0,2208.6,65.53740068955179,38.62,99.0,50.9,medium
zone_5,65,0.0,0.0,1401.4,-0.30589741765668027,39.12,99.0,45.29,medium
zone_5,66,0.0,0.0,1473.3,13.944315545243615,45.09,99.0,43.74,medium
zone_5,67,0.0,0.0,1248.3,-39.57304676154517,24.61,99.0,42.39,medium
zone_5,68,0.0,0.0,1448.6,2.5702754372300474,32.14,99.0,50.31,medium
zone_5,69,0.0,0.0,1747.3,24.46043165467625,34.48,99.0,49.53,medium
zone_5,70,0.0,0.0,1446.4,-8.997105826097899,36.56,99.0,42.23,medium
zone_5,71,0.0,0.0,1415.1,-35.92773702798153,25.07,99.0,45.75,medium
zone_5,72,0.0,0.0,1413.3,0.8491508491508393,39.93,99.0,43.85,medium
zone_5,73,0.0,0.0,1300.7,-11.7151971764067,19.64,99.0,41.73,medium
zone_5,74,0.0,0.0,1447.5,15.957702475366503,22.87,99.0,47.52,medium
zone_5,75,0.0,0.0,1318.1,-9.008698053292836,15.03,99.0,45.13,medium
zone_5,76,0.0,0.0,1391.2,-20.38001488010072,28.6,99.0,41.36,medium
zone_5,77,0.0,0.0,1429.0,-1.202986725663723,24.55,99.0,39.74,low
zone_5,78,0.0,0.0,1235.0,-12.727015758603628,23.8,99.0,39.49,low
zone_5,79,0.0,0.0,1295.6,-8.328026604401051,5.65,99.0,46.44,medium
zone_5,80,0.0,0.0,1363.9,4.858922118859079,5.39,99.0,47.9,medium
zone_5,81,0.0,0.0,1509.4,4.276338514680489,12.14,99.0,43.9,medium
zone_5,82,0.0,0.0,1326.0,0.5993475457097407,21.57,99.0,48.65,medium
zone_5,83,0.0,0.0,1438.6,3.4071305347900998,20.39,99.0,46.1,medium
zone_5,84,0.0,0.0,1396.3,-2.288313505948219,22.55,99.0,48.2,medium
zone_5,85,0.0,0.0,1379.9,11.732793522267214,2.75,99.0,48.24,medium
zone_5,86,0.0,0.0,1554.3,19.96758258721828,5.45,99.0,46.0,medium
zone_5,87,0.0,0.0,1469.1,7.713175452745788,16.85,99.0,47.5,medium
zone_5,88,0.0,0.0,1415.5,-6.221014972836895,9.24,99.0,42.44,medium
zone_5,89,0.0,0.0,1407.4,6.138763197586734,13.29,99.0,49.53,medium
zone_6,0,59.39,0.0,550.2,0.0,30.97,99.0,14.53,low
zone_6,1,56.3,0.0,583.4,0.0,34.07,99.0,23.34,low
zone_6,2,52.54,0.0,550.7,0.0,46.57,99.0,20.0,low
zone_6,3,52.06,0.0,470.0,0.0,45.45,99.0,25.82,low
zone_6,4,50.57,0.0,624.5,0.0,33.06,99.0,17.75,low
zone_6,5,48.82,0.0,519.0,0.0,33.93,99.0,20.32,low
zone_6,6,46.42,0.0,593.6,0.0,32.1,99.0,25.63,low
zone_6,7,44.24,-2.164285714285714,658.8,19.73827699018537,40.67,20.440924092409247,36.37,low
zone_6,8,42.9,-1.9142857142857141,597.4,2.399725745629071,39.56,22.410447761194035,37.29,low
zone_6,9,39.98,-1.7942857142857147,571.8,3.8314871981114775,33.64,22.281847133757953,31.89,low
zone_6,10,38.81,-1.8928571428571428,600.5,27.76595744680851,43.39,20.503396226415095,41.28,medium
zone_6,11,36.96,-1.9442857142857142,578.3,-7.397918334667741,40.79,19.00955180014695,32.07,low
zone_6,12,34.26,-2.0800000000000005,563.9,8.651252408477838,32.8,16.47115384615384,39.7,low
zone_6,13,32.78,-1.9485714285714286,587.6,-1.0107816711590296,29.75,16.822580645161292,31.38,low
zone_6,14,30.82,-1.9171428571428575,600.9,-8.788706739526408,44.24,16.076005961251862,37.6,low
zone_6,15,28.6,-2.0428571428571423,524.0,-12.286575159022426,34.02,14.000000000000007,27.87,low
zone_6,16,25.71,-2.038571428571428,443.2,-22.490381252186076,25.87,12.611772950245273,34.54,low
zone_6,17,23.42,-2.198571428571429,563.0,-6.244796003330558,28.83,10.652371669915528,41.96,medium
zone_6,18,20.65,-2.3300000000000005,566.9,-1.9712951755144352,16.09,8.862660944206008,37.95,low
zone_6,19,18.42,-2.2628571428571425,498.7,-11.562333747118283,12.86,8.140151515151517,46.13,medium
zone_6,20,17.94,-2.12,521.8,-11.198093941456785,21.7,8.462264150943396,46.85,medium
zone_6,21,14.01,-2.4014285714285717,562.2,-6.440339490763843,17.35,5.83402736466389,44.21,medium
zone_6,22,12.14,-2.3514285714285714,516.9,-1.354961832061073,17.37,5.162818955042528,43.06,medium
zone_6,23,10.79,-2.1314285714285717,524.6,18.366425992779792,25.01,5.062332439678284,45.28,medium
zone_6,24,9.48,-1.9914285714285715,533.2,-5.293072824156297,25.54,4.760401721664276,42.38,medium
zone_6,25,4.51,-2.3057142857142856,587.8,3.686717234080081,31.06,1.956009913258984,48.55,medium
zone_6,26,1.59,-2.4042857142857144,571.4,14.577902546621214,0.27,0.661319073083779,55.15,medium
zone_6,27,0.0,-2.562857142857143,571.7,9.56305097738599,22.79,0.0,51.62,medium
zone_6,28,0.0,-2.0014285714285713,692.8,23.23016720028458,6.2,0.0,60.95,medium
zone_6,29,0.0,-1.7342857142857144,492.9,-4.643064422518862,19.2,0.0,47.75,medium
zone_6,30,0.0,-1.5414285714285714,536.0,2.1730842546702203,15.94,0.0,56.24,medium
zone_6,31,0.0,-1.3542857142857143,568.4,6.601650412603137,11.0,0.0,46.9,medium
zone_6,32,0.0,-0.6442857142857142,831.6,41.476692752636964,17.41,0.0,50.9,medium
zone_6,33,0.0,-0.22714285714285715,527.2,-7.735386769338455,20.28,0.0,51.47,medium
zone_6,34,0.0,0.0,501.6,-12.261675704040584,8.46,99.0,52.11,medium
zone_6,35,0.0,0.0,479.7,-30.75923787528868,17.66,99.0,44.8,medium
zone_6,36,0.0,0.0,590.4,19.780888618381013,14.7,99.0,50.24,medium
zone_6,37,0.0,0.0,566.3,5.652985074626858,14.29,99.0,48.91,medium
zone_6,38,0.0,0.0,614.4,8.092892329345531,11.51,99.0,45.54,medium
zone_6,39,0.0,0.0,522.3,-37.1933621933622,0.0,99.0,51.06,medium
zone_6,40,0.0,0.0,614.3,16.521244309559922,11.41,99.0,55.67,medium
zone_6,41,0.0,0.0,511.6,1.993620414673046,8.03,99.0,49.64,medium
zone_6,42,0.0,0.0,518.6,8.109234938503239,6.95,99.0,50.52,medium
zone_6,43,0.0,0.0,551.7,-6.554878048780477,5.16,99.0,50.67,medium
zone_6,44,0.0,0.0,567.3,0.1765848490199541,0.0,99.0,42.77,medium
zone_6,45,0.0,0.0,505.6,-17.708333333333325,5.1,99.0,49.83,medium
zone_6,46,0.0,0.0,581.4,11.315336013785187,12.46,99.0,43.72,medium
zone_6,47,0.0,0.0,528.7,-13.93455966140321,8.98,99.0,45.16,medium
zone_6,48,0.0,0.0,536.1,4.788897576231431,0.11,99.0,57.52,medium
zone_6,49,0.0,0.0,511.9,-1.2919398380254619,0.0,99.0,47.59,medium
zone_6,50,0.0,0.0,584.0,5.854631140112372,1.13,99.0,45.85,medium
zone_6,51,0.0,0.0,557.8,-1.674598977613256,0.0,99.0,53.21,medium
zone_6,52,0.0,0.0,604.0,19.46202531645569,7.66,99.0,45.06,medium
zone_6,53,0.0,0.0,479.6,-17.5094599243206,0.0,99.0,46.81,medium
zone_6,54,0.0,0.0,658.5,24.55078494420275,10.13,99.0,53.85,medium
zone_6,55,0.0,0.0,574.7,7.200149225890697,0.0,99.0,49.2,medium
zone_6,56,0.0,0.0,585.8,14.43641336198476,20.9,99.0,40.71,medium
zone_6,57,0.0,0.0,628.7,7.654109589041104,0.0,99.0,51.24,medium
zone_6,58,0.0,0.0,602.0,7.923987092147732,8.84,99.0,46.43,medium
zone_6,59,0.0,0.0,696.7,15.347682119205306,14.42,99.0,53.95,medium
zone_6,60,0.0,0.0,619.4,29.14929107589657,17.19,99.0,45.86,medium
zone_6,61,0.0,0.0,525.5,-20.197418375094912,6.35,99.0,52.04,medium
zone_6,62,0.0,0.0,621.0,8.056377240299279,5.09,99.0,55.58,medium
zone_6,63,0.0,0.0,557.7,-4.796858996244437,12.64,99.0,43.68,medium
zone_6,64,0.0,0.0,495.1,-21.25019882296803,4.08,99.0,47.34,medium
zone_6,65,0.0,0.0,629.9,4.634551495016607,4.24,99.0,49.92,medium
zone_6,66,0.0,0.0,604.1,-13.291230084684946,19.35,99.0,42.85,medium
zone_6,67,0.0,0.0,524.5,-15.321278656764608,33.87,99.0,46.08,medium
zone_6,68,0.0,0.0,557.9,6.165556612749758,22.32,99.0,45.39,medium
zone_6,69,0.0,0.0,587.6,-5.378421900161027,22.15,99.0,44.96,medium
zone_6,70,0.0,0.0,518.1,-7.100591715976334,38.09,99.0,45.2,medium
zone_6,71,0.0,0.0,571.7,15.47162189456676,28.04,99.0,46.45,medium
zone_6,72,0.0,0.0,684.3,8.636291474837272,28.19,99.0,46.39,medium
zone_6,73,0.0,0.0,623.5,3.2113888429068,15.39,99.0,44.55,medium
zone_6,74,0.0,0.0,563.2,7.378455672068646,17.32,99.0,44.74,medium
zone_6,75,0.0,0.0,557.4,-0.08962179602079226,26.42,99.0,44.96,medium
zone_6,76,0.0,0.0,784.2,33.45813478556842,34.71,99.0,46.83,medium
zone_6,77,0.0,0.0,578.2,11.60007720517275,34.06,99.0,43.94,medium
zone_6,78,0.0,0.0,628.3,9.900297358754575,30.61,99.0,46.89,medium
zone_6,79,0.0,0.0,597.2,-12.728335525354364,26.47,99.0,38.16,low
zone_6,80,0.0,0.0,635.4,1.9085805934242146,29.34,99.0,42.27,medium
zone_6,81,0.0,0.0,594.1,5.486505681818177,20.39,99.0,45.36,medium
zone_6,82,0.0,0.0,1059.7,90.11481880157878,28.99,99.0,45.45,medium
zone_6,83,0.0,0.0,556.5,-29.035960214231064,31.51,99.0,51.52,medium
zone_6,84,0.0,0.0,579.2,0.17295053614666203,42.16,99.0,45.09,medium
zone_6,85,0.0,0.0,607.5,-3.310520452013362,40.18,99.0,45.71,medium
zone_6,86,0.0,0.0,614.8,2.947086403214988,41.42,99.0,43.24,medium
zone_6,87,0.0,0.0,582.5,-8.32546427447277,22.33,99.0,45.86,medium
zone_6,88,0.0,0.0,978.1,64.6355832351456,27.97,99.0,44.13,medium
zone_6,89,0.0,0.0,598.2,-43.55006133811456,34.88,99.0,44.32,medium
zone_7,0,39.84,0.0,2772.5,0.0,32.0,99.0,23.32,low
zone_7,1,31.93,0.0,2800.0,0.0,39.18,99.0,29.52,low
zone_7,2,25.47,0.0,3081.7,0.0,35.78,99.0,23.3,low
zone_7,3,17.0,0.0,3038.8,0.0,35.08,99.0,32.84,low
zone_7,4,7.93,0.0,3015.2,0.0,35.1,99.0,47.29,medium
zone_7,5,1.44,0.0,2782.2,0.0,53.87,99.0,47.67,medium
zone_7,6,0.0,0.0,2750.4,0.0,35.11,99.0,50.28,medium
zone_7,7,0.0,-5.691428571428572,2841.7,2.4959422903516617,50.44,0.0,60.7,medium
zone_7,8,0.0,-4.561428571428571,2955.8,5.564285714285721,28.48,0.0,58.21,medium
zone_7,9,0.0,-3.6385714285714283,2562.9,-16.83486387383586,19.26,0.0,53.57,medium
zone_7,10,0.0,-2.4285714285714284,2555.0,-15.920758194023962,39.15,0.0,46.92,medium
zone_7,11,0.0,-1.1328571428571428,2893.5,-4.036216503051201,45.88,0.0,52.42,medium
zone_7,12,0.0,-0.2057142857142857,2533.6,-8.935374883185965,21.94,0.0,46.74,medium
zone_7,13,0.0,0.0,2889.2,5.046538685282131,20.24,99.0,56.45,medium
zone_7,14,0.0,0.0,2835.0,-0.23577436041805322,23.57,99.0,44.31,medium
zone_7,15,0.0,0.0,2503.2,-15.312267406455115,18.8,99.0,54.24,medium
zone_7,16,0.0,0.0,3226.7,25.900347262866276,16.46,99.0,47.55,medium
zone_7,17,0.0,0.0,2770.2,8.422700587084142,14.06,99.0,52.76,medium
zone_7,18,0.0,0.0,2484.4,-14.138586486953514,16.72,99.0,53.38,medium
zone_7,19,0.0,0.0,2767.2,9.220082096621406,5.93,99.0,44.35,medium
zone_7,20,0.0,0.0,2750.9,-4.786792191610125,25.18,99.0,43.64,medium
zone_7,21,0.0,0.0,2501.3,-11.770723104056431,27.66,99.0,41.15,medium
zone_7,22,0.0,0.0,3070.5,22.66299137104507,22.9,99.0,42.29,medium
zone_7,23,0.0,0.0,3156.6,-2.1724982179936134,19.38,99.0,48.94,medium
zone_7,24,0.0,0.0,3101.6,11.963035159916256,23.21,99.0,45.75,medium
zone_7,25,0.0,0.0,2658.2,6.9956528739333335,16.02,99.0,47.31,medium
zone_7,26,0.0,0.0,2650.8,-4.206418039895911,0.0,99.0,50.82,medium
zone_7,27,0.0,0.0,2939.1,6.84139736086371,24.65,99.0,38.62,low
zone_7,28,0.0,0.0,2682.8,7.256226762083716,4.4,99.0,53.65,medium
zone_7,29,0.0,0.0,2671.4,-12.997883080931441,25.23,99.0,44.18,medium
zone_7,30,0.0,0.0,2896.2,-8.249382246721158,16.74,99.0,48.72,medium
zone_7,31,0.0,0.0,2568.5,-17.18790301779726,4.52,99.0,50.54,medium
zone_7,32,0.0,0.0,2753.5,3.585132796629305,0.22,99.0,54.27,medium
zone_7,33,0.0,0.0,2675.7,0.9393390674513216,5.59,99.0,47.57,medium
zone_7,34,0.0,0.0,3145.2,7.01235071960804,24.59,99.0,37.58,low
zone_7,35,0.0,0.0,2904.0,8.245117041896519,15.2,99.0,47.5,medium
zone_7,36,0.0,0.0,3163.0,18.402335853859395,4.22,99.0,50.0,medium
zone_7,37,0.0,0.0,2516.0,-13.127546440162966,7.35,99.0,43.58,medium
zone_7,38,0.0,0.0,2784.2,8.397897605606378,8.94,99.0,48.62,medium
zone_7,39,0.0,0.0,2658.7,-3.4428908661703352,8.1,99.0,46.18,medium
zone_7,40,0.0,0.0,4411.2,64.8615315618343,1.52,99.0,46.8,medium
zone_7,41,0.0,0.0,4018.8,27.77565814574591,1.23,99.0,52.8,medium
zone_7,42,0.0,0.0,2951.5,1.6356749311294765,0.0,99.0,46.44,medium
zone_7,43,0.0,0.0,5183.1,63.866582358520404,7.82,99.0,49.79,medium
zone_7,44,0.0,0.0,2916.1,15.90222575516693,3.47,99.0,47.29,medium
zone_7,45,0.0,0.0,2786.8,0.09338409597013016,0.25,99.0,53.52,medium
zone_7,46,0.0,0.0,2713.7,2.068680182043856,0.0,99.0,48.56,medium
zone_7,47,0.0,0.0,2738.6,-37.917120058034094,2.88,99.0,48.57,medium
zone_7,48,0.0,0.0,2992.7,-25.532497262864545,0.0,99.0,46.84,medium
zone_7,49,0.0,0.0,2423.9,-17.875656445874977,7.27,99.0,49.58,medium
zone_7,50,0.0,0.0,2860.9,-44.803303042580694,7.8,99.0,53.06,medium
zone_7,51,0.0,0.0,3110.5,6.666438050821307,0.0,99.0,51.59,medium
zone_7,52,0.0,0.0,2945.9,5.709056982919474,0.0,99.0,51.69,medium
zone_7,53,0.0,0.0,2656.7,-2.100453255702546,0.0,99.0,51.02,medium
zone_7,54,0.0,0.0,2802.4,2.3296574892280795,11.74,99.0,41.81,medium
zone_7,55,0.0,0.0,2649.3,-11.474588164533687,14.7,99.0,43.33,medium
zone_7,56,0.0,0.0,2867.9,18.31758735921449,18.5,99.0,46.66,medium
zone_7,57,0.0,0.0,2736.4,-4.351777412702297,10.64,99.0,44.42,medium
zone_7,58,0.0,0.0,3398.2,9.249316830091619,8.42,99.0,43.89,medium
zone_7,59,0.0,0.0,2903.9,-1.425710309243355,5.91,99.0,40.4,medium
zone_7,60,0.0,0.0,2942.7,10.765235066059397,0.85,99.0,43.76,medium
zone_7,61,0.0,0.0,2801.1,-0.046388809591784964,4.4,99.0,47.05,medium
zone_7,62,0.0,0.0,2580.5,-2.596912391952598,7.79,99.0,47.39,medium
zone_7,63,0.0,0.0,4572.4,59.43373199902366,8.67,99.0,47.95,medium
zone_7,64,0.0,0.0,2739.3,0.1059786580909257,19.37,99.0,46.6,medium
zone_7,65,0.0,0.0,2595.8,-23.612500735683586,22.02,99.0,44.22,medium
zone_7,66,0.0,0.0,2894.2,-0.3340335410999095,2.33,99.0,52.68,medium
zone_7,67,0.0,0.0,2764.2,-6.065857885615252,31.03,99.0,44.35,medium
zone_7,68,0.0,0.0,2890.2,3.1808932205205065,21.44,99.0,49.0,medium
zone_7,69,0.0,0.0,3095.4,19.953497384227866,33.46,99.0,47.01,medium
zone_7,70,0.0,0.0,3560.9,-22.121861604409055,28.0,99.0,39.63,low
zone_7,71,0.0,0.0,2671.4,-2.4787354433614457,40.48,99.0,44.64,medium
zone_7,72,0.0,0.0,3099.9,19.419832036366433,37.34,99.0,41.22,medium
zone_7,73,0.0,0.0,2829.4,-2.2389606799806416,32.37,99.0,44.57,medium
zone_7,74,0.0,0.0,2872.5,3.9179509442153315,22.36,99.0,43.17,medium
zone_7,75,0.0,0.0,2761.9,-4.439139159919719,41.19,99.0,46.53,medium
zone_7,76,0.0,0.0,2430.0,-21.49641403372747,38.36,99.0,39.63,low
zone_7,77,0.0,0.0,2716.9,-23.701873121963548,40.45,99.0,45.06,medium
zone_7,78,0.0,0.0,3083.8,15.43759826308303,35.18,99.0,48.22,medium
zone_7,79,0.0,0.0,2911.2,-6.087293138488347,48.07,99.0,48.63,medium
zone_7,80,0.0,0.0,3140.3,10.988195377111758,26.46,99.0,43.03,medium
zone_7,81,0.0,0.0,2661.1,-7.359442993907749,48.41,99.0,45.07,medium
zone_7,82,0.0,0.0,2626.9,-4.8879394619645895,22.95,99.0,46.58,medium
zone_7,83,0.0,0.0,4598.6,89.24279835390948,30.86,99.0,54.94,medium
zone_7,84,0.0,0.0,2822.4,3.8831020648533254,36.74,99.0,39.31,low
zone_7,85,0.0,0.0,2830.9,-8.200920941695314,39.7,99.0,41.36,medium
zone_7,86,0.0,0.0,2960.7,1.7003297609233308,37.02,99.0,56.32,medium
zone_7,87,0.0,0.0,2484.6,-20.88017068432953,38.51,99.0,43.91,medium
zone_7,88,0.0,0.0,2950.7,10.882717673142682,41.67,99.0,38.09,low
zone_7,89,0.0,0.0,2952.7,12.402451558871663,46.16,99.0,43.41,medium
zone_8,0,58.68,0.0,1272.6,0.0,20.81,99.0,8.62,low
zone_8,1,56.42,0.0,703.0,0.0,21.87,99.0,21.55,low
zone_8,2,55.34,0.0,751.6,0.0,28.98,99.0,23.46,low
zone_8,3,53.7,0.0,737.2,0.0,18.02,99.0,18.63,low
zone_8,4,53.75,0.0,819.7,0.0,18.62,99.0,20.3,low
zone_8,5,51.36,0.0,637.7,0.0,25.47,99.0,26.13,low
zone_8,6,49.27,0.0,793.4,0.0,32.77,99.0,15.83,low
zone_8,7,48.65,-1.432857142857143,811.9,-36.2014772905862,13.71,33.9531405782652,23.36,low
zone_8,8,46.47,-1.421428571428572,716.9,1.9772403982930267,6.16,32.692462311557776,29.71,low
zone_8,9,46.43,-1.2728571428571434,695.7,-7.437466737626394,5.47,36.4769921436588,27.22,low
zone_8,10,42.92,-1.5400000000000003,852.7,15.667390124796526,11.76,27.87012987012987,31.49,low
zone_8,11,40.52,-1.8899999999999995,765.7,-6.58777601561547,22.73,21.439153439153447,27.31,low
zone_8,12,39.75,-1.6585714285714286,793.4,24.415869531127477,20.11,23.96640826873385,34.77,low
zone_8,13,36.73,-1.7914285714285723,731.0,-7.864885303755985,0.0,20.503189792663466,35.95,low
zone_8,14,35.62,-1.8614285714285717,681.6,-16.04877447961571,6.7,19.13584036838066,38.62,low
zone_8,15,32.4,-2.0100000000000002,1483.6,106.9465755335472,22.56,16.119402985074625,40.89,medium
zone_8,16,30.89,-2.2199999999999998,771.8,10.93862296967082,0.0,13.914414414414415,41.73,medium
zone_8,17,27.64,-2.182857142857143,860.8,0.949923771549186,5.8,12.662303664921467,35.19,low
zone_8,18,25.14,-2.1971428571428575,810.6,5.863915371555436,8.17,11.442132639791936,44.12,medium
zone_8,19,24.29,-2.2085714285714286,797.7,0.541971262919091,5.97,10.998059508408796,41.18,medium
zone_8,20,22.93,-1.971428571428571,773.3,5.7865937072503355,8.01,11.631159420289855,41.93,medium
zone_8,21,21.11,-2.0728571428571425,884.7,29.797535211267608,0.0,10.184011026878014,50.26,medium
zone_8,22,19.59,-1.8299999999999998,821.0,-44.661633863575084,0.0,10.704918032786885,41.48,medium
zone_8,23,18.29,-1.8000000000000003,777.7,0.7644467478621523,4.3,10.161111111111106,49.8,medium
zone_8,24,16.45,-1.5985714285714288,883.1,2.5906133828996363,0.0,10.290437890974081,51.13,medium
zone_8,25,13.27,-1.695714285714286,744.5,-8.154453491241059,0.0,7.8256107834877815,49.88,medium
zone_8,26,12.67,-1.66,693.1,-13.112699009652754,10.69,7.6325301204819285,41.84,medium
zone_8,27,12.17,-1.5371428571428571,717.3,-7.241691452217768,0.0,7.917286245353161,38.22,low
zone_8,28,10.08,-1.5757142857142856,779.7,-11.86842997626314,0.0,6.397098821396193,52.32,medium
zone_8,29,9.41,-1.4542857142857142,708.7,-13.678440925700361,0.0,6.470530451866406,48.45,medium
zone_8,30,8.49,-1.4,759.5,-2.340234023402346,0.0,6.064285714285715,45.3,medium
zone_8,31,5.47,-1.5685714285714287,885.2,0.23779866379798695,5.29,3.487249544626594,54.13,medium
zone_8,32,1.97,-1.614285714285714,705.6,-5.22498321020819,5.82,1.220353982300885,47.6,medium
zone_8,33,1.27,-1.6285714285714286,809.1,16.736401673640167,0.0,0.7798245614035088,51.41,medium
zone_8,34,0.04,-1.7328571428571429,723.4,0.8504112644639653,5.65,0.023083264633140973,54.39,medium
zone_8,35,0.0,-1.44,874.6,12.171347954341408,19.49,0.0,46.14,medium
zone_8,36,0.0,-1.3442857142857143,1049.7,48.11626922534217,11.15,0.0,53.07,medium
zone_8,37,0.0,-1.2128571428571429,813.9,7.1626069782751784,8.25,0.0,55.43,medium
zone_8,38,0.0,-0.7814285714285714,793.4,-10.37053773158609,20.84,0.0,48.9,medium
zone_8,39,0.0,-0.2814285714285714,744.5,5.5130385487528315,0.0,0.0,54.62,medium
zone_8,40,0.0,-0.18142857142857144,755.8,-6.587566431837853,19.95,0.0,51.19,medium
zone_8,41,0.0,-0.005714285714285714,826.6,14.265966270389832,7.04,0.0,48.66,medium
zone_8,42,0.0,0.0,751.8,-14.040704321975767,18.75,99.0,37.0,low
zone_8,43,0.0,0.0,770.7,-26.579022577879392,13.29,99.0,42.58,medium
zone_8,44,0.0,0.0,703.5,-13.564319941024694,24.49,99.0,48.71,medium
zone_8,45,1.19,0.16999999999999998,740.0,-6.730526846483487,9.98,99.0,40.67,medium
zone_8,46,1.56,0.22285714285714286,705.6,-5.22498321020819,21.26,99.0,44.04,medium
zone_8,47,0.0,0.0,740.7,-1.9978830378406869,20.88,99.0,47.45,medium
zone_8,48,0.0,0.0,718.6,-13.065569804016452,6.51,99.0,53.7,medium
zone_8,49,0.0,0.0,744.9,-0.9177972865123674,11.93,99.0,44.87,medium
zone_8,50,0.0,0.0,771.5,0.10380173867911696,21.39,99.0,43.47,medium
zone_8,51,0.0,0.0,715.6,1.7199715707178427,20.9,99.0,45.99,medium
zone_8,52,0.0,-0.16999999999999998,963.5,30.202702702702705,23.35,0.0,49.44,medium
zone_8,53,0.0,-0.22285714285714286,731.1,3.6139455782312924,29.77,0.0,45.18,medium
zone_8,54,0.0,0.0,725.4,-2.06561360874849,41.24,99.0,49.2,medium
zone_8,55,0.0,0.0,791.1,10.089062065126635,28.79,99.0,42.55,medium
zone_8,56,0.0,0.0,874.0,17.33118539401262,19.94,99.0,47.73,medium
zone_8,57,0.0,0.0,694.6,-9.967595593000645,24.11,99.0,47.49,medium
zone_8,58,0.0,0.0,790.5,10.46674119619899,33.15,99.0,44.03,medium
zone_8,59,0.0,0.0,840.9,-12.724442138038405,31.03,99.0,48.36,medium
zone_8,60,0.0,0.0,819.0,12.02297907263028,34.85,99.0,46.32,medium
zone_8,61,0.0,0.0,800.5,10.352908740005518,37.98,99.0,48.78,medium
zone_8,62,0.0,0.0,827.9,4.651750726836045,47.45,99.0,46.06,medium
zone_8,63,0.0,0.0,770.9,-11.796338672768881,27.83,99.0,46.77,medium
zone_8,64,0.63,0.09,794.2,14.339188021883102,27.27,99.0,43.37,medium
zone_8,65,0.0,0.0,750.0,-5.1233396584440225,18.37,99.0,43.87,medium
zone_8,66,0.0,0.0,757.3,-9.941729099774054,36.41,99.0,49.9,medium
zone_8,67,0.0,0.0,820.7,0.20757020757021313,39.22,99.0,47.55,medium
zone_8,68,0.0,0.0,805.4,0.6121174266083669,39.53,99.0,40.94,medium
zone_8,69,0.0,0.0,713.0,-13.878487740065223,44.61,99.0,45.72,medium
zone_8,70,0.0,0.0,848.8,10.10507199377351,50.78,99.0,36.11,low
zone_8,71,0.0,-0.09,786.5,-0.9695290858725818,50.8,0.0,42.93,medium
zone_8,72,0.0,0.0,818.4,9.119999999999997,36.08,99.0,49.39,medium
zone_8,73,0.0,0.0,850.1,12.254060478014008,35.08,99.0,45.23,medium
zone_8,74,0.0,0.0,774.8,-5.592786645546496,27.12,99.0,45.82,medium
zone_8,75,0.0,0.0,768.1,-4.631239135833121,43.26,99.0,32.93,low
zone_8,76,0.0,0.0,747.7,4.866760168302952,33.45,99.0,43.72,medium
zone_8,77,0.0,0.0,745.5,-12.17012252591894,44.37,99.0,46.35,medium
zone_8,78,0.0,0.0,778.2,-1.055308328035595,35.53,99.0,46.86,medium
zone_8,79,0.0,0.0,890.6,8.822091886608021,16.59,99.0,50.99,medium
zone_8,80,0.0,0.0,865.1,1.7644982943183154,29.38,99.0,44.34,medium
zone_8,81,0.0,0.0,853.6,10.170366546205482,32.04,99.0,44.95,medium
zone_8,82,0.0,0.0,674.1,-12.237989845072256,26.69,99.0,40.07,medium
zone_8,83,0.0,0.0,785.7,5.08225224020329,35.53,99.0,44.49,medium
zone_8,84,0.0,0.0,1336.8,79.31589537223338,38.3,99.0,43.7,medium
zone_8,85,0.0,0.0,665.0,-14.546389103058344,46.65,99.0,37.61,low
zone_8,86,0.0,0.0,760.3,-14.630586121715705,25.07,99.0,41.25,medium
zone_8,87,0.0,0.0,779.4,-9.90636920587216,21.24,99.0,52.09,medium
zone_8,88,0.0,0.0,785.3,-8.001405810684169,17.56,99.0,45.41,medium
zone_8,89,0.0,0.0,809.9,20.145379023883688,33.39,99.0,47.09,medium
zone_9,0,76.5,0.0,687.3,0.0,28.48,99.0,8.7,low
zone_9,1,74.02,0.0,569.0,0.0,16.67,99.0,6.13,low
zone_9,2,71.12,0.0,587.9,0.0,26.74,99.0,17.13,low
zone_9,3,66.89,0.0,670.2,0.0,39.9,99.0,6.21,low
zone_9,4,62.41,0.0,634.1,0.0,15.6,99.0,16.42,low
zone_9,5,58.42,0.0,607.1,0.0,6.72,99.0,21.29,low
zone_9,6,55.5,0.0,545.5,0.0,20.79,99.0,22.05,low
zone_9,7,51.65,-3.5500000000000003,661.2,-3.7974683544303667,30.01,14.549295774647886,27.73,low
zone_9,8,46.43,-3.941428571428571,577.1,1.4235500878734662,13.71,11.77999275099674,28.65,low
zone_9,9,44.79,-3.761428571428572,584.2,-0.6293587344786413,18.53,11.907709836688186,32.42,low
zone_9,10,39.7,-3.884285714285714,626.9,-6.460757982691743,25.44,10.22066936373667,34.4,low
zone_9,11,33.82,-4.084285714285714,520.8,-17.867844188613795,12.56,8.280517663518713,38.78,low
zone_9,12,29.19,-4.175714285714286,565.6,-6.835776643057157,16.91,6.990420800547381,47.32,medium
zone_9,13,24.86,-4.377142857142857,615.8,12.887259395050405,5.73,5.679503916449085,42.64,medium
zone_9,14,20.67,-4.425714285714285,540.7,-18.224440411373262,8.44,4.670432537120724,49.49,medium
zone_9,15,16.1,-4.332857142857143,637.0,10.379483625021656,10.04,3.715792944279592,51.41,medium
zone_9,16,10.62,-4.881428571428572,702.3,20.21567956179389,0.0,2.1755926251097453,58.88,medium
zone_9,17,5.41,-4.8985714285714295,650.0,3.684798213431173,3.04,1.1044036162146396,55.49,medium
zone_9,18,0.0,-4.831428571428572,662.2,27.15053763440862,9.59,0.0,62.24,medium
zone_9,19,0.0,-4.17,595.0,5.198019801980194,3.33,0.0,57.82,medium
zone_9,20,0.0,-3.551428571428571,630.4,2.3708996427411537,0.0,0.0,59.36,medium
zone_9,21,0.0,-2.9528571428571433,691.3,27.85278342888846,0.0,0.0,51.64,medium
zone_9,22,0.0,-2.3000000000000003,652.7,2.4646781789639003,0.0,0.0,43.94,medium
zone_9,23,0.0,-1.5171428571428571,481.7,-31.411077886942902,0.0,0.0,53.9,medium
zone_9,24,0.0,-0.7728571428571429,649.7,-0.04615384615383916,11.97,0.0,50.82,medium
zone_9,25,0.0,0.0,572.0,-13.621262458471767,8.08,99.0,49.53,medium
zone_9,26,0.0,0.0,521.5,-12.352941176470589,5.17,99.0,45.88,medium
zone_9,27,0.0,0.0,609.5,-3.315355329949235,0.0,99.0,54.56,medium
zone_9,28,0.0,0.0,611.2,-11.586865326197007,0.0,99.0,46.76,medium
zone_9,29,0.0,0.0,558.5,-14.432357897962317,2.32,99.0,50.01,medium
zone_9,30,0.0,0.0,506.3,5.106913016400254,5.05,99.0,50.68,medium
zone_9,31,0.0,0.0,703.0,8.203786362936732,2.02,99.0,55.72,medium
zone_9,32,0.0,0.0,651.0,13.81118881118881,3.28,99.0,47.77,medium
zone_9,33,0.0,0.0,644.3,23.54745925215723,1.35,99.0,47.24,medium
zone_9,34,0.0,0.0,624.5,2.461033634126333,19.83,99.0,40.38,medium
zone_9,35,0.0,0.0,662.1,8.327879581151828,2.12,99.0,55.05,medium
zone_9,36,0.0,0.0,660.5,18.263205013428827,17.63,99.0,49.27,medium
zone_9,37,0.0,0.0,597.0,17.914280071104084,2.45,99.0,51.19,medium
zone_9,38,0.0,0.0,689.9,-1.8634423897581827,12.62,99.0,59.55,medium
zone_9,39,0.0,0.0,618.0,-5.0691244239631335,12.34,99.0,48.42,medium
zone_9,40,0.0,0.0,633.0,-1.7538413782399433,19.87,99.0,41.01,medium
zone_9,41,0.0,0.0,610.3,-2.2738190552442026,9.08,99.0,46.73,medium
zone_9,42,0.0,0.0,581.3,-12.203594623168716,13.69,99.0,43.06,medium
zone_9,43,0.0,0.0,527.6,-20.121120363361086,19.7,99.0,44.65,medium
zone_9,44,0.0,0.0,689.0,15.41038525963149,1.75,99.0,47.7,medium
zone_9,45,0.0,0.0,578.1,-16.205247137266266,6.33,99.0,45.49,medium
zone_9,46,0.0,0.0,688.5,11.407766990291263,2.67,99.0,43.39,medium
zone_9,47,0.0,0.0,659.2,4.139020537124809,6.93,99.0,54.39,medium
zone_9,48,0.0,0.0,710.1,16.352613468785858,9.3,99.0,49.66,medium
zone_9,49,0.0,0.0,932.5,60.41630827455704,12.87,99.0,49.78,medium
zone_9,50,0.0,0.0,639.7,21.247156937073544,21.28,99.0,50.35,medium
zone_9,51,0.0,0.0,634.6,-7.895500725689401,21.56,99.0,47.9,medium
zone_9,52,0.0,0.0,758.4,31.18837571354436,22.53,99.0,48.87,medium
zone_9,53,0.0,0.0,529.1,-23.1517792302106,13.7,99.0,49.7,medium
zone_9,54,0.0,0.0,628.2,-4.702669902912621,13.74,99.0,47.49,medium
zone_9,55,0.0,0.0,571.5,-19.518377693282638,19.93,99.0,48.89,medium
zone_9,56,0.0,0.0,675.7,-27.538873994638063,11.0,99.0,50.29,medium
zone_9,57,0.0,0.0,627.6,-1.8915116460841053,25.76,99.0,46.16,medium
zone_9,58,0.0,0.0,579.1,-8.745666561613614,45.43,99.0,44.12,medium
zone_9,59,0.0,0.0,651.0,-14.161392405063289,28.65,99.0,51.28,medium
zone_9,60,0.0,0.0,767.7,45.0954450954451,32.27,99.0,45.79,medium
zone_9,61,0.0,0.0,693.0,10.31518624641833,43.51,99.0,47.18,medium
zone_9,62,0.0,0.0,537.1,-6.019247594050739,23.07,99.0,47.49,medium
zone_9,63,0.0,0.0,561.6,-16.886192097084507,38.09,99.0,42.56,medium
zone_9,64,0.0,0.0,652.2,3.919694072657747,28.58,99.0,42.17,medium
zone_9,65,0.0,0.0,615.7,6.320151959937838,20.54,99.0,45.1,medium
zone_9,66,0.0,0.0,561.1,-13.809523809523805,38.99,99.0,43.03,medium
zone_9,67,0.0,0.0,654.9,-14.693239546697937,30.35,99.0,39.17,low
zone_9,68,0.0,0.0,614.6,-11.31313131313131,56.36,99.0,42.39,medium
zone_9,69,0.0,0.0,572.3,6.55371439210574,40.5,99.0,46.46,medium
zone_9,70,0.0,0.0,616.2,9.722222222222227,52.05,99.0,50.65,medium
zone_9,71,0.0,0.0,633.6,-2.8518859245630206,29.57,99.0,47.27,medium
zone_9,72,0.0,0.0,515.4,-16.290401169400692,48.6,99.0,34.6,low
zone_9,73,0.0,0.0,610.7,8.839779005524866,31.28,99.0,48.1,medium
zone_9,74,0.0,0.0,628.6,-4.015880287066722,42.42,99.0,42.77,medium
zone_9,75,0.0,0.0,648.5,5.515782622844123,29.33,99.0,47.22,medium
zone_9,76,0.0,0.0,615.6,7.565961908090175,39.19,99.0,45.4,medium
zone_9,77,0.0,0.0,634.2,2.9211295034079843,48.75,99.0,44.4,medium
zone_9,78,0.0,0.0,609.4,-3.8194444444444517,30.27,99.0,44.59,medium
zone_9,79,0.0,0.0,585.2,13.542879317035325,35.34,99.0,45.72,medium
zone_9,80,0.0,0.0,582.8,-4.56852791878174,51.81,99.0,50.38,medium
zone_9,81,0.0,0.0,606.4,-3.5316576519249194,37.68,99.0,44.92,medium
zone_9,82,0.0,0.0,597.4,-7.879722436391677,31.98,99.0,49.34,medium
zone_9,83,0.0,0.0,684.1,11.127355425601039,36.77,99.0,49.43,medium
zone_9,84,0.0,0.0,687.9,8.46736045411541,30.75,99.0,48.18,medium
zone_9,85,0.0,0.0,639.9,5.004922874958976,34.28,99.0,38.15,low
zone_9,86,0.0,0.0,667.6,14.080656185919338,16.91,99.0,51.88,medium
zone_9,87,0.0,0.0,666.0,14.275909402882645,31.89,99.0,44.02,medium
zone_9,88,0.0,0.0,672.4,10.883905013192614,35.15,99.0,48.52,medium
zone_9,89,0.0,0.0,656.4,9.876129896216941,32.72,99.0,41.7,medium
